category,book_name,author,source,reason
Travel,It's Only the Himalayas,S. Bedford,OpenLibrary,
Travel,Under the Tuscan Sun,Frances Mayes,OpenLibrary,
Travel,A Summer In Europe,Marilyn Brant,OpenLibrary,
Travel,The Great Railway Bazaar,Paul Theroux,OpenLibrary,
Travel,"1,000 Places to See Before You Die",Patricia Schultz,OpenLibrary,
Mystery,Sharp Objects,Gillian Flynn,OpenLibrary,
Mystery,"In a Dark, Dark Wood",Ruth Ware,OpenLibrary,
Mystery,The Past Never Ends,Jackson Burnett,OpenLibrary,
Mystery,A Murder in Time,Julie McElwain,OpenLibrary,
Mystery,Most Wanted,Gaurav Upadhyay,OpenLibrary,
Mystery,The Widow,Georgette Heyer,OpenLibrary,
Mystery,Playing with Fire,Derek Landy,OpenLibrary,
Mystery,The Exiled,Cinda Williams Chima,OpenLibrary,
Mystery,The Girl You Lost,"Croft, Kathryn (Novelist)",OpenLibrary,
Historical Fiction,Tipping the Velvet,Sarah Waters,OpenLibrary,
Historical Fiction,The House by the Lake,Eleanor Farnes,OpenLibrary,
Historical Fiction,Mrs. Houdini,Victoria Kelly,OpenLibrary,
Historical Fiction,The Marriage of Opposites,Alice Hoffman,OpenLibrary,
Historical Fiction,"Love, Lies and Spies",Cindy Anstey,OpenLibrary,
Historical Fiction,A Paris Apartment,Michelle Gable,OpenLibrary,
Historical Fiction,Lilac Girls,Martha Hall Kelly,OpenLibrary,
Historical Fiction,The Invention of Wings,Sue Monk Kidd,OpenLibrary,
Historical Fiction,The Passion of Dolssa,Julie Berry,OpenLibrary,
Historical Fiction,Girl With a Pearl Earring,Tracy Chevalier,OpenLibrary,
Historical Fiction,The Red Tent,Anita Diamant,OpenLibrary,
Historical Fiction,The Last Painting of Sara de Vos,Dominic Smith,OpenLibrary,
Historical Fiction,The Guernsey Literary and Potato Peel Pie Society,Mary Ann Shaffer,OpenLibrary,
Historical Fiction,Girl in the Blue Coat,Monica Hesse,OpenLibrary,
Historical Fiction,Between Shades of Gray,Ruta Sepetys,OpenLibrary,
Historical Fiction,While You Were Mine,Ann Howard Creel,OpenLibrary,
Historical Fiction,The Secret Healer,Ellin Carsta,OpenLibrary,
Historical Fiction,Starlark,Cael Percy,OpenLibrary,
Historical Fiction,Lost Among the Living,Simone St. James,OpenLibrary,
Sequential Art,This One Summer,Mariko Tamaki,OpenLibrary,
Sequential Art,Patience,Isabel Miller,OpenLibrary,
Sequential Art,Camp Midnight,Steven T. Seagle,OpenLibrary,
Sequential Art,The Shadow Hero (The Shadow Hero),David A. Gemmell,OpenLibrary,
Sequential Art,Batman: The Long Halloween (Batman),Jeph Loeb,OpenLibrary,
Sequential Art,Through the Woods,Emily Carroll,OpenLibrary,
Sequential Art,Robin War,Tom King,OpenLibrary,
Sequential Art,El Deafo,Cece Bell,OpenLibrary,
Sequential Art,Art Ops Vol. 1,Shaun Simon,OpenLibrary,
Sequential Art,Roller Girl,Victoria Jamieson,OpenLibrary,
Sequential Art,Original Fake,Kirstin Cronn-Mills,OpenLibrary,
Sequential Art,Awkward,Svetlana Chmakova,OpenLibrary,
Sequential Art,"Giant Days, Vol. 1 (Giant Days #1-4)",John Allison,OpenLibrary,
Classics,The Secret Garden,Frances Hodgson Burnett,OpenLibrary,
Classics,The Pilgrim's Progress,John Bunyan,OpenLibrary,
Classics,Little Women (Little Women #1),E. Disomma,OpenLibrary,
Classics,Gone with the Wind,Margaret Mitchell,OpenLibrary,
Classics,Candide,Voltaire,OpenLibrary,
Classics,Animal Farm,George Orwell,OpenLibrary,
Classics,Wuthering Heights,Emily Brontë,OpenLibrary,
Classics,The Picture of Dorian Gray,Oscar Wilde,OpenLibrary,
Classics,Beowulf,Seamus Heaney,OpenLibrary,
Classics,And Then There Were None,Agatha Christie,OpenLibrary,
Classics,The Story of Hong Gildong,Kyun Hŏ,OpenLibrary,
Classics,The Little Prince,Thomas Barichella,OpenLibrary,
Classics,Sense and Sensibility,Jane Austen,OpenLibrary,
Classics,Of Mice and Men,John Steinbeck,OpenLibrary,
Classics,Emma,Jane Austen,OpenLibrary,
Classics,Alice in Wonderland (Alice's Adventures in Wonderland #1),Lewis Carroll,OpenLibrary,
Philosophy,Sophie's World,Jostein Gaarder,OpenLibrary,
Philosophy,The Stranger,Mark Twain,OpenLibrary,
Philosophy,Critique of Pure Reason,Immanuel Kant,OpenLibrary,
Philosophy,The Nicomachean Ethics,Aristotle,OpenLibrary,
Philosophy,Meditations,Marcus Aurelius,OpenLibrary,
Philosophy,Beyond Good and Evil,Friedrich Nietzsche,OpenLibrary,
Romance,Black Dust,Bruce Berglund,OpenLibrary,
Romance,The Wedding Dress,Danielle Steel,OpenLibrary,
Romance,Something More Than This,Barbie Bohrman,OpenLibrary,
Romance,"Sit, Stay, Love","Howard, J.J",OpenLibrary,
Romance,A Walk to Remember,Nicholas Sparks,OpenLibrary,
Romance,The Obsession,Danielle Lori,OpenLibrary,
Romance,Reservations for Two,Jennifer Lohmann,OpenLibrary,
Romance,"Rhythm, Chord & Malykhin",Mariana Zapata,OpenLibrary,
Romance,Imperfect Harmony,Joshua Coleman,OpenLibrary,
Womens Fiction,Will You Won't You Want Me?,Nora Zelevansky,OpenLibrary,
Womens Fiction,Keep Me Posted,Lisa Beazley,OpenLibrary,
Womens Fiction,Meternity,Meghann Foye,OpenLibrary,
Womens Fiction,Some Women,Erle Stanley Gardner,OpenLibrary,
Womens Fiction,Can You Keep a Secret?,Sophie Kinsella,OpenLibrary,
Womens Fiction,Twenties Girl,Sophie Kinsella,OpenLibrary,
Womens Fiction,The Undomestic Goddess,Sophie Kinsella,OpenLibrary,
Womens Fiction,The Nanny Diaries (Nanny #1),Emma McLaughlin,OpenLibrary,
Womens Fiction,I've Got Your Number,Sophie Kinsella,OpenLibrary,
Fiction,Soumission,Michel Houellebecq,OpenLibrary,
Fiction,"We Love You, Charlie Freeman",Kaitlyn Greenidge,OpenLibrary,
Fiction,Thirst,Golden Books,OpenLibrary,
Fiction,Tuesday Nights in 1980,Molly Prentiss,OpenLibrary,
Fiction,The Vacationers,Emma Straub,OpenLibrary,
Fiction,The Regional Office Is Under Attack!,Manuel Gonzales,OpenLibrary,
Fiction,The Time Keeper,Mitch Albom,OpenLibrary,
Fiction,The Testament of Mary,Colm Tóibín,OpenLibrary,
Fiction,Take Me with You,Ida Cook,OpenLibrary,
Fiction,Still Life with Bread Crumbs,Anna Quindlen,OpenLibrary,
Fiction,Shtum,Jem Lester,OpenLibrary,
Fiction,My Name Is Lucy Barton,Elizabeth Strout,OpenLibrary,
Fiction,My Mrs. Brown,Mr. William Norwich,OpenLibrary,
Fiction,Eight Hundred Grapes,Laura Dave,OpenLibrary,
Fiction,Dear Mr. Knightley,Katherine Reay,OpenLibrary,
Fiction,Balloon Animals,Megan Atwood,OpenLibrary,
Fiction,The Dinner Party,Neil Simon,OpenLibrary,
Fiction,The Improbability of Love,Hannah Rothschild,OpenLibrary,
Fiction,Mothering Sunday,Graham Swift,OpenLibrary,
Fiction,Lies and Other Acts of Love,Kristy Woodson Harvey,OpenLibrary,
Fiction,Daredevils,Rosemary Carter,OpenLibrary,
Fiction,11/22/63,Stephen King,OpenLibrary,
Fiction,The Shack,William P. Young,OpenLibrary,
Fiction,The High Mountains of Portugal,Yann Martel,OpenLibrary,
Fiction,Miller's Valley,Anna Quindlen,OpenLibrary,
Fiction,Hystopia: A Novel,David Means,OpenLibrary,
Fiction,Sister Dear,Kate William,OpenLibrary,
Fiction,Memoirs of a Geisha,Arthur Golden,OpenLibrary,
Fiction,Deception Point,Dan Brown,OpenLibrary,
Fiction,The Little Paris Bookshop,Nina George,OpenLibrary,
Fiction,The Firm,John Grisham,OpenLibrary,
Fiction,The Expatriates,Janice Y. K. Lee,OpenLibrary,
Fiction,Siddhartha,Hermann Hesse,OpenLibrary,
Fiction,Digital Fortress,Dan Brown,OpenLibrary,
Fiction,Atlas Shrugged,Ayn Rand,OpenLibrary,
Fiction,Three-Martini Lunch,Suzanne Rindell,OpenLibrary,
Fiction,The Nightingale,Kristin Hannah,OpenLibrary,
Fiction,The Infinities,Robert Kanigel,OpenLibrary,
Fiction,The Husband's Secret,Liane Moriarty,OpenLibrary,
Fiction,The Art of Fielding,Chad Harbach,OpenLibrary,
Fiction,Big Little Lies,Liane Moriarty,OpenLibrary,
Fiction,The Course of Love,Alain De Botton,OpenLibrary,
Fiction,When I'm Gone,anouar el attari,OpenLibrary,
Fiction,The Silent Wife,A. S. A. Harrison,OpenLibrary,
Fiction,The Bette Davis Club,Jane Lotter,OpenLibrary,
Fiction,Kitchens of the Great Midwest,J. Ryan Stradal,OpenLibrary,
Fiction,Bright Lines,Mountain,OpenLibrary,
Childrens,The Bear and the Piano,David Litchfield,OpenLibrary,
Childrens,The Secret of Dreadwillow Carse,Brian Farrey,OpenLibrary,
Childrens,Little Red,Audrey Wood,OpenLibrary,
Childrens,Walt Disney's Alice in Wonderland,Teddy Slater,OpenLibrary,
Childrens,Twenty Yawns,Jane Smiley,OpenLibrary,
Childrens,Rain Fish,Jerry Dennis,OpenLibrary,
Childrens,Once Was a Time,Leila Sales,OpenLibrary,
Childrens,Luis Paints the World,Terry Farish,OpenLibrary,
Childrens,Nap-a-Roo,Kristy Kurjan,OpenLibrary,
Childrens,The Whale,Julia Donaldson,OpenLibrary,
Childrens,Raymie Nightingale,Kate DiCamillo,OpenLibrary,
Childrens,Playing from the Heart,Roger Crawford,OpenLibrary,
Childrens,The Wild Robot,Peter Brown,OpenLibrary,
Childrens,The Thing About Jellyfish,Ali Benjamin,OpenLibrary,
Childrens,The Lonely Ones,Louis L'Amour,OpenLibrary,
Childrens,The Day the Crayons Came Home (Crayons),Drew Daywalt,OpenLibrary,
Childrens,Red: The True Story of Red Riding Hood,Liesl Shurtliff,OpenLibrary,
Childrens,Horrible Bear!,"Dyckman, Ame",OpenLibrary,
Childrens,Counting Thyme,Melanie Conklin,OpenLibrary,
Childrens,Are We There Yet?,David Levithan,OpenLibrary,
Childrens,Matilda,Roald Dahl,OpenLibrary,
Religion,"Don't Be a Jerk: And Other Practical Advice from Dogen, Japan's Greatest Zen Master",Brad Warner,OpenLibrary,
Religion,The Book of Mormon,"Joseph Smith, Jr.",OpenLibrary,
Religion,"A History of God: The 4,000-Year Quest of Judaism, Christianity, and Islam",Worth Books,OpenLibrary,
Religion,The Bhagavad Gita,Juan Mascaró,OpenLibrary,
Nonfiction,Reasons to Stay Alive,Matt Haig,OpenLibrary,
Nonfiction,The Life-Changing Magic of Tidying Up: The Japanese Art of Decluttering and Organizing,Worth Books Staff,OpenLibrary,
Nonfiction,The Power of Now: A Guide to Spiritual Enlightenment,Eckhart Tolle,OpenLibrary,
Nonfiction,The Omnivore's Dilemma: A Natural History of Four Meals,Worth Books,OpenLibrary,
Nonfiction,The Genius of Birds,Jennifer Ackerman,OpenLibrary,
Nonfiction,So You've Been Publicly Shamed,Jon Ronson,OpenLibrary,
Nonfiction,"Daring Greatly: How the Courage to Be Vulnerable Transforms the Way We Live, Love, Parent, and Lead",Brené Brown,OpenLibrary,
Nonfiction,The Year of Magical Thinking,Joan Didion,OpenLibrary,
Nonfiction,Looking for Lovely: Collecting the Moments that Matter,Annie F. Downs,OpenLibrary,
Nonfiction,Hamilton: The Revolution,John D. Barnhart,OpenLibrary,
Nonfiction,Brain on Fire: My Month of Madness,Paul Adams / Bookhabits,OpenLibrary,
Nonfiction,Abstract City,J. E. Carlock,OpenLibrary,
Nonfiction,The Diary of a Young Girl,Anne Frank,OpenLibrary,
Nonfiction,"Mother, Can You Not?",Kate Friedman,OpenLibrary,
Nonfiction,"Zero to One: Notes on Startups, or How to Build the Future",Whizbooks,OpenLibrary,
Nonfiction,Why Not Me?,Mindy Kaling,OpenLibrary,
Nonfiction,When Breath Becomes Air,Paul Kalanithi,OpenLibrary,
Nonfiction,Smarter Faster Better: The Secrets of Being Productive in Life and Business,Worth Books,OpenLibrary,
Nonfiction,Rising Strong,Brené Brown,OpenLibrary,
Nonfiction,Man's Search for Meaning,Viktor E. Frankl,OpenLibrary,
Nonfiction,"Love That Boy: What Two Presidents, Eight Road Trips, and My Son Taught Me About a Parent's Expectations",Ron Fournier,OpenLibrary,
Nonfiction,I Will Find You,Harlan Coben,OpenLibrary,
Nonfiction,Between the World and Me,Ta-Nehisi Coates,OpenLibrary,
Nonfiction,Being Mortal: Medicine and What Matters in the End,EssentialReads,OpenLibrary,
Nonfiction,The Man Who Mistook His Wife for a Hat and Other Clinical Tales,Oliver Sacks,OpenLibrary,
Nonfiction,In Cold Blood,Truman Capote,OpenLibrary,
Nonfiction,"Girl, Interrupted",Susanna Kaysen,OpenLibrary,
Nonfiction,My Mother Was Nuts,Penny Marshall,OpenLibrary,
Nonfiction,The Gunning of America: Business and the Making of American Gun Culture,Pamela Haag,OpenLibrary,
Nonfiction,Under the Banner of Heaven: A Story of Violent Faith,Jon Jon,OpenLibrary,
Nonfiction,The Name of God is Mercy,Francis Pope,OpenLibrary,
Nonfiction,Stiff: The Curious Lives of Human Cadavers,Worth Books,OpenLibrary,
Nonfiction,"Rise of the Rocket Girls: The Women Who Propelled Us, from Missiles to the Moon to Mars",Worth Books,OpenLibrary,
Nonfiction,Outliers: The Story of Success,BookCaps Study Guides Staff,OpenLibrary,
Nonfiction,Letter to a Christian Nation,Sam Harris,OpenLibrary,
Nonfiction,Into the Wild,Erin Hunter,OpenLibrary,
Nonfiction,I Am Malala: The Girl Who Stood Up for Education and Was Shot by the Taliban,Malala Yousafzai,OpenLibrary,
Nonfiction,Gratitude,Motwani Dev Motwani Dev Publishing,OpenLibrary,
Nonfiction,Brave Enough,Cheryl Strayed,OpenLibrary,
Nonfiction,Black Flags: The Rise of ISIS,Worth Books,OpenLibrary,
Nonfiction,Are We Smart Enough to Know How Smart Animals Are?,Frans De Waal,OpenLibrary,
Nonfiction,Kindle Paperwhite User's Guide,Jose Emiel,OpenLibrary,
Nonfiction,H is for Hawk,Helen Macdonald,OpenLibrary,
Nonfiction,The Tumor,Robert Carachi,OpenLibrary,
Nonfiction,"Eat, Pray, Love",Elizabeth Gilbert,OpenLibrary,
Music,Rip it Up and Start Again,Simon Reynolds,OpenLibrary,
Music,How Music Works,David Byrne,OpenLibrary,
Music,"Chronicles, Vol. 1",Fabien Nury,OpenLibrary,
Music,No One Here Gets Out Alive,Jerry Hopkins,OpenLibrary,
Music,Life,Irving Stone,OpenLibrary,
Default,The Boys in the Boat: Nine Americans and Their Epic Quest for Gold at the 1936 Berlin Olympics,BookNation,OpenLibrary,
Default,Aladdin and His Wonderful Lamp,Alan Brown,OpenLibrary,
Default,Penny Maybe,Kathleen Martin,OpenLibrary,
Default,Soul Reader,David Brackett,OpenLibrary,
Default,Bossypants,Tina Fey,OpenLibrary,
Default,Tracing Numbers on a Train,James McDonald,OpenLibrary,
Default,Thirteen Reasons Why,Jay Asher,OpenLibrary,
Default,The Secret (The Secret #1),Pseudonymous Bosch,OpenLibrary,
Default,The Kite Runner,Khaled Hosseini,OpenLibrary,
Default,The Girl on the Train,Paula Hawkins,OpenLibrary,
Default,The Emerald Mystery,j. a. lath,OpenLibrary,
Default,The Art of War,孙武,OpenLibrary,
Default,Grumbles,Roger Hargreaves,OpenLibrary,
Default,Ayumi's Violin,Mariko Tatsumoto,OpenLibrary,
Default,Anonymous,Somme Sketcher,OpenLibrary,
Default,Amy Meets the Saints and Sages,Ernie Rosenberg,OpenLibrary,
Default,Amatus,Maite López Las Heras,OpenLibrary,
Default,"Unbroken: A World War II Story of Survival, Resilience, and Redemption",K. D. Phillips,OpenLibrary,
Default,The Wright Brothers,David McCullough,OpenLibrary,
Default,The Songs of the Gods,Dimitrios Spyridon Chytiris,OpenLibrary,
Default,Steve Jobs,Walter Isaacson,OpenLibrary,
Default,Luckiest Girl Alive,Jessica Knoll,OpenLibrary,
Default,Every Last Word,Tamara Ireland Stone,OpenLibrary,
Default,Daily Fantasy Sports,Jay Correia,OpenLibrary,
Default,"Carry On, Warrior: Thoughts on Life Unarmed",Glennon Melton,OpenLibrary,
Default,Carrie,Stephen King,OpenLibrary,
Default,"The Three Searches, Meaning, and the Story",John H.T. Francis,OpenLibrary,
Default,Raspberry Pi Electronics Projects for the Evil Genius,"Norris, Donald (Electrical engineer)",OpenLibrary,
Default,Eleanor & Park,Rainbow Rowell,OpenLibrary,
Default,Adultery,Tess Stimson,OpenLibrary,
Default,Unlimited Intuition Now,Catherine Carrigan,OpenLibrary,
Default,Underlying Notes,Eva Pasco,OpenLibrary,
Default,The Flowers Lied,Michael Goldberg,OpenLibrary,
Default,Modern Day Fables,Jason Petersen,OpenLibrary,
Default,Left Behind (Left Behind #1),Jerry B. Jenkins,OpenLibrary,
Default,I'll Give You the Sun,Jandy Nelson,OpenLibrary,
Default,Heaven is for Real: A Little Boy's Astounding Story of His Trip to Heaven and Back,Todd Burpo,OpenLibrary,
Default,Death by Leisure: A Cautionary Tale,Chris Ayres,OpenLibrary,
Default,The Great Gatsby,F. Scott Fitzgerald,OpenLibrary,
Default,The Good Girl,Mary Kubica,OpenLibrary,
Default,The 7 Habits of Highly Effective People: Powerful Lessons in Personal Change,Whizbooks,OpenLibrary,
Default,Steal Like an Artist: 10 Things Nobody Told You About Being Creative,Austin Kleon,OpenLibrary,
Default,Life of Pi,Yann Martel,OpenLibrary,
Default,The Sound Of Love,Norma Frances Greco,OpenLibrary,
Default,The Perks of Being a Wallflower,Stephen Chbosky,OpenLibrary,
Default,The Makings of a Fatherless Child,Chandler Alexander,OpenLibrary,
Default,Musicophilia: Tales of Music and the Brain,Key Key Summaries,OpenLibrary,
Default,The Fault in Our Stars,John Green,OpenLibrary,
Default,The 5th Wave (The 5th Wave #1),Richard Yancey,OpenLibrary,
Default,Remember Me?,Christopher Pike,OpenLibrary,
Default,Fool Me Once,Harlan Coben,OpenLibrary,
Default,Drama,Raina Telgemeier,OpenLibrary,
Default,World War Z: An Oral History of the Zombie War,Max Brooks,OpenLibrary,
Default,Wild: From Lost to Found on the Pacific Crest Trail,Whizbooks,OpenLibrary,
Default,"Where'd You Go, Bernadette",Maria Semple,OpenLibrary,
Default,Twilight (Twilight #1),David Preti,OpenLibrary,
Default,The Paris Wife,Paula McLain,OpenLibrary,
Default,The Lover's Dictionary,David Levithan,OpenLibrary,
Default,The Goldfinch,Donna Tartt,OpenLibrary,
Default,The Book Thief,Markus Zusak,OpenLibrary,
Default,The Autobiography of Malcolm X,Harold Bloom,OpenLibrary,
Default,Quiet: The Power of Introverts in a World That Can't Stop Talking,Book Junkie,OpenLibrary,
Default,Orange Is the New Black,Piper Kerman,OpenLibrary,
Default,Life After Life,Raymond A. Moody,OpenLibrary,
Default,"Lean In: Women, Work, and the Will to Lead",Worth Books,OpenLibrary,
Default,Is Everyone Hanging Out Without Me? (And Other Concerns),Mindy Kaling,OpenLibrary,
Default,Gone Girl,Gillian Flynn,OpenLibrary,
Default,Fellside,M. R. Carey,OpenLibrary,
Default,Dracula,Bram Stoker,OpenLibrary,
Default,Dark Places,Gillian Flynn,OpenLibrary,
Default,A Visit from the Goon Squad,Jennifer Egan,OpenLibrary,
Default,The Zombie Room,R. D. Ronald,OpenLibrary,
Default,Jane Eyre,Charlotte Brontë,OpenLibrary,
Default,Frankenstein,Mary Shelley,OpenLibrary,
Science Fiction,Join,Johanna Lindsey,OpenLibrary,
Science Fiction,The Project,Graeme Simsion,OpenLibrary,
Science Fiction,Soft Apocalypse,Will McIntosh,OpenLibrary,
Science Fiction,Arena,Booth Tarkington,OpenLibrary,
Science Fiction,Ready Player One,Ernest Cline,OpenLibrary,
Science Fiction,Dune (Dune #1),Brian Herbert,OpenLibrary,
Add a comment,The Art Forger,Eric Hebborn,OpenLibrary,
Add a comment,On a Midnight Clear,Bruce Hammack,OpenLibrary,
Add a comment,Modern Romance,Aziz Ansari,OpenLibrary,
Add a comment,The Song of Achilles,Madeline Miller,OpenLibrary,
Add a comment,The Immortal Life of Henrietta Lacks,Rebecca Skloot,OpenLibrary,
Add a comment,The Dovekeepers,Alice Hoffman,OpenLibrary,
Add a comment,Cell,Kwang W. Jeon,OpenLibrary,
Add a comment,A People's History of the United States,Howard Zinn,OpenLibrary,
Add a comment,Rook,Daniel O'Malley,OpenLibrary,
Add a comment,The Children,Edith Nesbit,OpenLibrary,
Add a comment,Without Shame,Dennis Craig Smith,OpenLibrary,
Add a comment,Watchmen,Alan Moore,OpenLibrary,
Add a comment,The Glass Castle,Jeannette Walls,OpenLibrary,
Add a comment,The Drowning Girls,Caitlín R. Kiernan,OpenLibrary,
Add a comment,John Adams,David McCullough,OpenLibrary,
Add a comment,The Joy of Cooking,Irma S. Rombauer,OpenLibrary,
Add a comment,The God Delusion,Richard Dawkins,OpenLibrary,
Add a comment,Pride and Prejudice,Jane Austen,OpenLibrary,
Add a comment,Mere Christianity,C.S. Lewis,OpenLibrary,
Add a comment,The Purpose Driven Life: What on Earth Am I Here for?,Rick Warren,OpenLibrary,
Add a comment,The Complete Poems,Anne Sexton,OpenLibrary,
Add a comment,The Catcher in the Rye,J. D. Salinger,OpenLibrary,
Add a comment,The Case for Christ (Cases for Christianity),Immanuel Bourne,OpenLibrary,
Add a comment,Seven Days in the Art World,Sarah Thornton,OpenLibrary,
Add a comment,Sarah's Key,Tatiana de Rosnay,OpenLibrary,
Add a comment,Manuscript Found in Accra,Paulo Coelho,OpenLibrary,
Add a comment,Cosmos,Alexander von Humboldt,OpenLibrary,
Add a comment,#GIRLBOSS,Celeste Bradley Designs,OpenLibrary,
Add a comment,The Sense of an Ending,Julian Barnes,OpenLibrary,
Add a comment,The Republic,Drew Karpyshyn,OpenLibrary,
Add a comment,The Odyssey,Όμηρος,OpenLibrary,
Add a comment,The Light of the Fireflies,Paul Pen,OpenLibrary,
Add a comment,The Iliad,Όμηρος,OpenLibrary,
Add a comment,The Communist Manifesto,David Boyle,OpenLibrary,
Add a comment,Lord of the Flies,William Golding,OpenLibrary,
Fantasy,Unicorn Tracks,Julia Ember,OpenLibrary,
Fantasy,Masks and Shadows,Winifred H. Mills,OpenLibrary,
Fantasy,A Court of Thorns and Roses (A Court of Thorns and Roses #1),Sarah J. Maas,OpenLibrary,
Fantasy,The Star-Touched Queen,Roshani Chokshi,OpenLibrary,
Fantasy,Searching for Meaning in Gailana,John H. T. Francis,OpenLibrary,
Fantasy,The Star-Touched Queen,Roshani Chokshi,OpenLibrary,
Fantasy,King's Folly (The Kinsman Chronicles #1),Jill Williamson,OpenLibrary,
Fantasy,Tell the Wind and Fire,Sarah Rees Brennan,OpenLibrary,
Fantasy,Heir to the Sky,Amanda Sun,OpenLibrary,
Fantasy,Ash,Frank McCourt,OpenLibrary,
Fantasy,Vampire Girl (Vampire Girl #1),Chloe Neill,OpenLibrary,
New Adult,Shameless,Kiki Swinson,OpenLibrary,
Young Adult,The Requiem Red,Brynn Chapman,OpenLibrary,
Young Adult,Set Me Free,Jay Dee,OpenLibrary,
Young Adult,Burning,Jack London,OpenLibrary,
Young Adult,A Fierce and Subtle Poison,Samantha Mabry,OpenLibrary,
Young Adult,Scarlett Epstein Hates It Here,Anna Breslaw,OpenLibrary,
Young Adult,"Nightingale, Sing",Monica Dickens,OpenLibrary,
Young Adult,Wild Swans,Jung Chang,OpenLibrary,
Young Adult,This Is Where It Ends,Marieke Nijkamp,OpenLibrary,
Young Adult,The Darkest Lie,Gena Showalter,OpenLibrary,
Young Adult,My Kind of Crazy,Robin Reul,OpenLibrary,
Young Adult,Don't Get Caught,Kurt Dinan,OpenLibrary,
Young Adult,"Exit, Pursued by a Bear",E. K. Johnston,OpenLibrary,
Young Adult,The Alien Club,Trel W Sidoruk,OpenLibrary,
Young Adult,Don't Forget Steven,P. D. Workman,OpenLibrary,
Young Adult,South of Sunshine,Dana Elmendorf,OpenLibrary,
Young Adult,My Life Next Door (My Life Next Door ),Huntley Fitzpatrick,OpenLibrary,
Young Adult,Tell the Wolves I'm Home,Carol Rifka Brunt,OpenLibrary,
Young Adult,"Will Grayson, Will Grayson (Will Grayson, Will Grayson)",John Green,OpenLibrary,
Young Adult,Two Summers,Nora Roberts,OpenLibrary,
Young Adult,The Darkest Corners,Elizabeth Haynes,OpenLibrary,
Young Adult,Tell Me Three Things,Julie Buxbaum,OpenLibrary,
Young Adult,Kill the Boy Band,Goldy Moldavsky,OpenLibrary,
Young Adult,An Abundance of Katherines,John Green,OpenLibrary,
Young Adult,Harry Potter and the Prisoner of Azkaban (Harry Potter #3),Dollhouse,OpenLibrary,
Young Adult,Two Boys Kissing,David Levithan,OpenLibrary,
Young Adult,The New Guy (and Other Senior Year Distractions),Amy Spalding,OpenLibrary,
Young Adult,"The Land of 10,000 Madonnas",Kate Hattemer,OpenLibrary,
Young Adult,Legend (Legend #1),Gregory Mundy,OpenLibrary,
Young Adult,Boy Meets Boy,David Levithan,OpenLibrary,
Young Adult,Annie on My Mind,Nancy Garden,OpenLibrary,
Young Adult,The Haters,Thomas Shadwell,OpenLibrary,
Young Adult,The Art of Not Breathing,Sarah Alexander,OpenLibrary,
Science,The Origin of Species,Charles Darwin,OpenLibrary,
Science,The Grand Design,Stephen Hawking,OpenLibrary,
Science,Peak: Secrets from the New Science of Expertise,The Mindset Warrior,OpenLibrary,
Science,Seven Brief Lessons on Physics,Carlo Rovelli,OpenLibrary,
Science,The Selfish Gene,Richard Dawkins,OpenLibrary,
Poetry,A Light in the Attic,Shel Silverstein,OpenLibrary,
Poetry,The Black Maria,Aracelis Girmay,OpenLibrary,
Poetry,Shakespeare's Sonnets,William Shakespeare,OpenLibrary,
Poetry,Olio,Tyehimba Jess,OpenLibrary,
Poetry,Poems That Make Grown Women Cry,Anthony Holden,OpenLibrary,
Poetry,Night Sky with Exit Wounds,Ocean Vuong,OpenLibrary,
Poetry,salt.,Patricia Highsmith,OpenLibrary,
Poetry,Les Fleurs du Mal,Charles Baudelaire,OpenLibrary,
Poetry,Howl and Other Poems,Allen Ginsberg,OpenLibrary,
Poetry,The Crossover,Kwame Alexander,OpenLibrary,
Poetry,Booked,Donald Nguyen,OpenLibrary,
Poetry,Twenty Love Poems and a Song of Despair,J. Simon Harris,OpenLibrary,
Art,Wall and Piece,Banksy,OpenLibrary,
Art,The New Drawing on the Right Side of the Brain,Betty Edwards,OpenLibrary,
Art,History of Beauty,Umberto Eco,OpenLibrary,
Art,The Story of Art,E. H. Gombrich,OpenLibrary,
Art,The Art Book,Art Book,OpenLibrary,
Art,Ways of Seeing,John Berger,OpenLibrary,
Psychology,"Thinking, Fast and Slow",Daniel Kahneman,OpenLibrary,
Psychology,Civilization and Its Discontents,Sigmund Freud,OpenLibrary,
Psychology,8 Keys to Mental Health Through Exercise,Christina G. Hibbert,OpenLibrary,
Autobiography,The Argonauts,Maggie Nelson,OpenLibrary,
Autobiography,M Train,Patti Smith,OpenLibrary,
Autobiography,Lab Girl,Hope Jahren,OpenLibrary,
Autobiography,Running with Scissors,Augusten Burroughs,OpenLibrary,
Autobiography,Me Talk Pretty One Day,David Sedaris,OpenLibrary,
Autobiography,Lust & Wonder,James Mahoney,OpenLibrary,
Autobiography,Life Without a Recipe,Diana Abu-Jaber,OpenLibrary,
Autobiography,A Heartbreaking Work of Staggering Genius,Dave Eggers,OpenLibrary,
Humor,Dress Your Family in Corduroy and Denim,David Sedaris,OpenLibrary,
Humor,When You Are Engulfed in Flames,David Sedaris,OpenLibrary,
Humor,Naked,William S. Burroughs,OpenLibrary,
Humor,"Lamb: The Gospel According to Biff, Christ's Childhood Pal",Christopher Moore,OpenLibrary,
Humor,Holidays on Ice,David Sedaris,OpenLibrary,
Horror,Security,Benjamin Graham,OpenLibrary,
Horror,Follow You Home,"Edwards, Mark (Fiction writer)",OpenLibrary,
Horror,The Loney,Andrew Michael Hurley,OpenLibrary,
Horror,Pet Sematary,Stephen King,OpenLibrary,
Horror,Dracula the Un-Dead,Dacre Stoker,OpenLibrary,
Horror,Needful Things,Stephen King,OpenLibrary,
Horror,Misery,Stephen King,OpenLibrary,
Horror,It,Edith Nesbit,OpenLibrary,
Horror,'Salem's Lot,Stephen King,OpenLibrary,
Horror,The Stand,Stephen King,OpenLibrary,
Horror,The Girl with All the Gifts,M. R. Carey,OpenLibrary,
Horror,House of Leaves,Mark Z. Danielewski,OpenLibrary,
History,Sapiens: A Brief History of Humankind,BookNation,OpenLibrary,
History,The Age of Genius: The Seventeenth Century and the Birth of the Modern Mind,A. C. Grayling,OpenLibrary,
History,Thomas Jefferson and the Tripoli Pirates: The Forgotten War That Changed American History,Worth Books,OpenLibrary,
History,Zealot: The Life and Times of Jesus of Nazareth,Reza Aslan,OpenLibrary,
History,A Short History of Nearly Everything,Bill Bryson,OpenLibrary,
History,The Rise and Fall of the Third Reich: A History of Nazi Germany,WILLIAM L. SHIRER,OpenLibrary,
History,The Hiding Place,Corrie ten Boom,OpenLibrary,
History,The Guns of August,Barbara Tuchman,OpenLibrary,
Food and Drink,"The Pioneer Woman Cooks: Dinnertime: Comfort Classics, Freezer Food, 16-Minute Meals, and Other Delicious Ways to Solve Supper!",Ree Drummond,OpenLibrary,
Food and Drink,Barefoot Contessa Back to Basics,Ina Garten,OpenLibrary,
Food and Drink,32 Yolks,Eric Ripert,OpenLibrary,
Food and Drink,The Barefoot Contessa Cookbook,Ina Garten,OpenLibrary,
Food and Drink,The Smitten Kitchen Cookbook,Deb Perelman,OpenLibrary,
Christian Fiction,Redeeming Love,Francine Rivers,OpenLibrary,
Christian Fiction,Close to You,Christina Dodd,OpenLibrary,
Christian Fiction,Like Never Before (Walker Family #2),Melissa Tagg,OpenLibrary,
Business,The Dirty Little Secrets of Getting Your Dream Job,Don Raskin,OpenLibrary,
Business,The Art of Startup Fundraising,Alejandro Cremades,OpenLibrary,
Business,"Rich Dad, Poor Dad",Robert T. Kiyosaki,OpenLibrary,
Business,The Lean Startup: How Today's Entrepreneurs Use Continuous Innovation to Create Radically Successful Businesses,Worth Books,OpenLibrary,
Business,Rework,Jason Fried,OpenLibrary,
Biography,Benjamin Franklin: An American Life,Walter Isaacson,OpenLibrary,
Thriller,In Her Wake,Amanda Jennings,OpenLibrary,
Thriller,The Elephant Tree,R. D. Ronald,OpenLibrary,
Thriller,Behind Closed Doors,B.A. Paris,OpenLibrary,
Thriller,You (You #1),Ally Carter,OpenLibrary,
Thriller,Give It Back,Kimberly Daniels,OpenLibrary,
Thriller,The Travelers,Marco Polo,OpenLibrary,
Contemporary,When We Collided,Emery Lord,OpenLibrary,
Contemporary,We Are All Completely Beside Ourselves,Karen Joy Fowler,OpenLibrary,
Spirituality,The Four Agreements: A Practical Guide to Personal Freedom,"Ruiz, Miguel, 1952-",OpenLibrary,
Self Help,You Are a Badass: How to Stop Doubting Your Greatness and Start Living an Awesome Life,alex,OpenLibrary,
Self Help,How to Stop Worrying and Start Living,Dale Carnegie,OpenLibrary,
Historical,All the Light We Cannot See,Anthony Doerr,OpenLibrary,
Christian,Crazy Love: Overwhelmed by a Relentless God,Chris Tomlin,OpenLibrary,
Short Stories,The Grownup,Gillian Flynn,OpenLibrary,
Health,"Eat Fat, Get Thin",Katya Johansson,OpenLibrary,
Health,The Art and Science of Low Carbohydrate Living,Jeff Volek,OpenLibrary,
Politics,Libertarianism for Beginners,Todd Seavey,OpenLibrary,
Cultural,Amid the Chaos,Nia Quin,OpenLibrary,
Erotica,Dark Notes,Pam Godwin`,OpenLibrary,
Travel,Vagabonding: An Uncommon Guide to the Art of Long-Term World Travel,Tim Ferriss,BooksToScrape,
Mystery,The Murder of Roger Ackroyd (Hercule Poirot #4),Sheppard,BooksToScrape,
Mystery,Tastes Like Fear (DI Marnie Rome #3),Lisa Gardner and,BooksToScrape,
Mystery,Boar Island (Anna Pigeon #19),Nevada Barr featuring fearless park ranger Anna Pigeon as she battles to solve a heinous crime set amidst Bringing you a gripping mystery,BooksToScrape,
Mystery,What Happened on Beale Street (Secrets of the South Mysteries #2),Mary Ellis. These standalone,BooksToScrape,
Mystery,The Cuckoo's Calling (Cormoran Strike #1),J.K. Rowling,BooksToScrape,
Historical Fiction,The Constant Princess (The Tudor Court #1),Anne Boleyn,BooksToScrape,
Sequential Art,"Lumberjanes, Vol. 2: Friendship to the Max (Lumberjanes #5-8)",John Allison. ...more,BooksToScrape,
Sequential Art,"Fables, Vol. 1: Legends in Exile (Fables #1)",Wolf,BooksToScrape,
Sequential Art,"Wonder Woman: Earth One, Volume One (Wonder Woman: Earth One #1)",Yanick Paquette,BooksToScrape,
Sequential Art,Superman Vol. 1: Before Truth (Superman by Gene Luen Yang #1),National Book Award nominee Gene Luen Yang,BooksToScrape,
Sequential Art,Prodigy: The Graphic Novel (Legend: The Graphic Novel #2),Republic soldiers so she can win over the Elector and feed him a decoy assassination plan. But when June realizes that the new Elector is nothing like his father,BooksToScrape,
Sequential Art,"Saga, Volume 2 (Saga (Collected Editions) #2)",Hazel has already survived lethal assassins,BooksToScrape,
Romance,The Wedding Pact (The O'Malleys #2),Katee Robert continues her smoking,BooksToScrape,
Romance,A Girl's Guide to Moving On (New Beginnings #2),Debbie Macomber reaches new heights in this wise and beautiful novel. It,BooksToScrape,
Romance,Best of My Love (Fool's Gold #20),Gilmore goes on the hunt for a friend,BooksToScrape,
Romance,Listen to Me (Fusion #1),Kristen Proby,BooksToScrape,
Fiction,Private Paris (Private #10),Private,BooksToScrape,
Fiction,The First Hostage (J.B. Collins #2),ISIS terrorists in Amman,BooksToScrape,
Fiction,The Silent Sister (Riley MacPherson #1),Diane Chamberlain. ...more,BooksToScrape,
Fiction,Lila (Gilead #3),Doll,BooksToScrape,
Fiction,Jurassic Park (Jurassic Park #1),Chip Kidd. ...more,BooksToScrape,
Childrens,The Cat in the Hat (Beginner Books B-1),Dr. Seuss,BooksToScrape,
Childrens,Green Eggs and Ham (Beginner Books B-16),Dr. Seuss. In a house or with a mouse,BooksToScrape,
Religion,You Are What You Love: The Spiritual Power of Habit,James K. A. Smith shows that who and what we worship fundamentally shape our hearts. And while we desire to shape culture,BooksToScrape,
Religion,God: The Most Unpleasant Character in All Fiction,Richard Dawkins and former evangelical preacher Dan Barker,BooksToScrape,
Nonfiction,Throwing Rocks at the Google Bus: How Growth Became the Enemy of Prosperity,Douglas Rushkoff,BooksToScrape,
Nonfiction,The Gutsy Girl: Escapades for Your Life of Epic Adventure,Caroline Paul emboldens girls to seek out a life of exhilaration. Once a young scaredy,BooksToScrape,
Nonfiction,Algorithms to Live By: The Computer Science of Human Decisions,Brian Christian and cognitive scientist Tom Griffiths show how the algorithms used by computers can also untangle very human questions. They explain how to have better hunches and when to leave things to chance,BooksToScrape,
Nonfiction,Becoming Wise: An Inquiry into the Mystery and Art of Living,Tippett and accompanied by a delightfully ecumenical dream team of teaching faculty.,BooksToScrape,
Nonfiction,13 Hours: The Inside Account of What Really Happened In Benghazi,CIA station called the Annex in Benghazi,BooksToScrape,
Nonfiction,Living Forward: A Proven Plan to Stop Drifting and Get the Life You Want,Michael Hyatt and executive coach Daniel Harkavy show us how to do,BooksToScrape,
Nonfiction,The Jazz of Physics: The Secret Link Between Music and the Structure of the Universe,Einstein,BooksToScrape,
Nonfiction,We the People: The Modern-Day Figures Who Have Reshaped and Affirmed the Founding Fathers' Vision of America,First Lady Eleanor Roosevelt,BooksToScrape,
Nonfiction,"Unstuffed: Decluttering Your Home, Mind, and Soul",Ruth Soukup feels y,BooksToScrape,
Nonfiction,Night (The Night Trilogy #1),Elie Wiesel about his experience with his father in the Nazi German concentration camps at Auschwitz and Buchenwald in,BooksToScrape,
Nonfiction,"In the Garden of Beasts: Love, Terror, and an American Family in Hitler's Berlin",Hitler until Berlin,BooksToScrape,
Music,Love Is a Mix Tape (Music #1),The Rolling Stones,BooksToScrape,
Music,Kill 'Em and Leave: Searching for James Brown and the American Soul,Brown,BooksToScrape,
Music,Old Records Never Die: One Man's Quest for His Vinyl and His Past,Wilco,BooksToScrape,
Default,America's Cradle of Quarterbacks: Western Pennsylvania's Football Factory from Johnny Unitas to Joe Montana,Wayne Stewart not only tells us who they are,BooksToScrape,
Default,Maude (1883-1993):She Grew Up with the country,Mardo Williams,BooksToScrape,
Default,Done Rubbed Out (Reightman & Bailey #1),Bailey discovers his former lover naked and dead on a massage table,BooksToScrape,
Default,Greek Mythic History,Spencer Clevenger to critical insights and intriguing results. In,BooksToScrape,
Default,The Hobbit (Middle-Earth Universe),Collins Modern Classics,BooksToScrape,
Default,The Dream Thieves (The Raven Cycle #2),Academy. The path to Glendower has long lived as an undercurrent beneath town. But now,BooksToScrape,
Default,Alight (The Generations Trilogy #2),New York Times bestselling author Scott Sigler,BooksToScrape,
Default,Eclipse (Twilight #3),Twilight and New Moon will eagerly devour Eclipse,BooksToScrape,
Sports and Games,Icing (Aces Hockey #2),Jami Davenport as her,BooksToScrape,
Add a comment,The Torch Is Passed: A Harding Family Story,Nicholas. What no one knows until much later is that the Oakes brothers have entered into a business deal with Russian mobster Viktor Roman,BooksToScrape,
Add a comment,A Brush of Wings (Angels Walking #3),Karen Kingsbury comes the third novel in the unforgettable Angels Walking series about divine intervention and the trials and triumphs of life for a group of friends.Despite needing a heart transplant and against the advice of her doctor,BooksToScrape,
Add a comment,The Midnight Watch: A Novel of the Titanic and the Californian,Steadman,BooksToScrape,
Fantasy,The Bane Chronicles (The Bane Chronicles #1-11),Cassandra Clare,BooksToScrape,
Fantasy,Paper and Fire (The Great Library #2),Rachel Caine introduced a world where knowledge is power,BooksToScrape,
Fantasy,The Rose & the Dagger (The Wrath and the Dawn #2),Publishers Weekly as,BooksToScrape,
Young Adult,Frostbite (Vampire Academy #2),Strigoi attack puts St. Vladimir,BooksToScrape,
Young Adult,No Love Allowed (Dodge Cove #1),Kate Evangelista.Caleb desperately needs a fake girlfriend. Either he attends a series of parties for his father,BooksToScrape,
Young Adult,Lady Renegades (Rebel Belle #3),Rachel Hawkins brings the fun once again in the finale of this pitch,BooksToScrape,
Science,Immunity: How Elie Metchnikoff Changed the Course of Modern Medicine,Luba Vikhanski chronicles Metchnikoff,BooksToScrape,
Science,"The Disappearing Spoon: And Other True Tales of Madness, Love, and the History of the World from the Periodic Table of the Elements",Sam Kean comes incredible stories of science,BooksToScrape,
Poetry,Out of Print: City Lights Spotlight No. 14,Julien Poirier,BooksToScrape,
Poetry,The Collected Poems of W.B. Yeats (The Collected Works of W.B. Yeats #1),Yeats for inclusion in his standard canon. Breathtaking in range,BooksToScrape,
Art,Art and Fear: Observations on the Perils (and Rewards) of Artmaking,Mozart. After all,BooksToScrape,
Adult Fiction,Fifty Shades Freed (Fifty Shades #3),Christian,BooksToScrape,
Horror,Psycho: Sanitarium (Psycho #1.5),Robert Bloch was published in,BooksToScrape,
History,Catherine the Great: Portrait of a Woman,Voltaire as like the classical philosophers. She was condemned by enemies,BooksToScrape,
History,America's War for the Greater Middle East: A Military History,Andrew J. Bacevich provides a searing reassessment of U.S. military policy in the Middle East over the past four decades. From the end of World War II until,BooksToScrape,
History,"House of Lost Worlds: Dinosaurs, Dynasties, and the Story of Life on Earth",Richard Conniff introduces a cast of bold expl This fascinating book tells the story of how one museum changed ideas about dinosaurs,BooksToScrape,
Food and Drink,The Love and Lemons Cookbook: An Apple-to-Zucchini Celebration of Impromptu Cooking,Heidi Swanson toSaveurMagazine,BooksToScrape,
Food and Drink,"Deliciously Ella Every Day: Quick and Easy Recipes for Gluten-Free Snacks, Packed Lunches, and Simple Meals",Ella,BooksToScrape,
Food and Drink,How to Cook Everything Vegetarian: Simple Meatless Recipes for Great Food (How to Cook Everything),Flay,BooksToScrape,
Business,The E-Myth Revisited: Why Most Small Businesses Don't Work and What to Do About It,Inc.,BooksToScrape,
Biography,The Faith of Christopher Hitchens: The Restless Soul of the World's Most Notorious Atheist,Larry Alex Taunton.,BooksToScrape,
Thriller,The Bone Hunters (Lexy Vaughan & Steven Macaulay #2),Finchem,BooksToScrape,
Thriller,Far From True (Promise Falls Trilogy #2),Linwood Barclay delivers the second spine,BooksToScrape,
Contemporary,Someone Like You (The Harrisons #2),McCord should be grateful. Instead she,BooksToScrape,
Spirituality,If I Gave You God's Phone Number....: Searching for Spirituality in America,Ms. Cromwell,BooksToScrape,
Self Help,"Overload: How to Unplug, Unwind, and Unleash Yourself from the Pressure of Stress",Joyce Meyer shows readers how to become free from the burden of stress so that they can achieve God,BooksToScrape,
