category,book_name
Travel,It's Only the Himalayas
Travel,Full Moon over Noahâs Ark: An Odyssey to Mount Ararat and Beyond
Travel,See America: A Celebration of Our National Parks & Treasured Sites
Travel,Vagabonding: An Uncommon Guide to the Art of Long-Term World Travel
Travel,Under the Tuscan Sun
Travel,A Summer In Europe
Travel,The Great Railway Bazaar
Travel,A Year in Provence (Provence #1)
Travel,The Road to Little Dribbling: Adventures of an American in Britain (Notes From a Small Island #2)
Travel,Neither Here nor There: Travels in Europe
Travel,"1,000 Places to See Before You Die"
Mystery,Sharp Objects
Mystery,"In a Dark, Dark Wood"
Mystery,The Past Never Ends
Mystery,A Murder in Time
Mystery,The Murder of Roger Ackroyd (Hercule Poirot #4)
Mystery,The Last Mile (Amos Decker #2)
Mystery,That Darkness (Gardiner and Renner #1)
Mystery,Tastes Like Fear (DI Marnie Rome #3)
Mystery,A Time of Torment (Charlie Parker #14)
Mystery,A Study in Scarlet (Sherlock Holmes #1)
Mystery,Poisonous (Max Revere Novels #3)
Mystery,Murder at the 42nd Street Library (Raymond Ambler #1)
Mystery,Most Wanted
Mystery,Hide Away (Eve Duncan #20)
Mystery,Boar Island (Anna Pigeon #19)
Mystery,The Widow
Mystery,Playing with Fire
Mystery,What Happened on Beale Street (Secrets of the South Mysteries #2)
Mystery,The Bachelor Girl's Guide to Murder (Herringford and Watts Mysteries #1)
Mystery,Delivering the Truth (Quaker Midwife Mystery #1)
Mystery,The Mysterious Affair at Styles (Hercule Poirot #1)
Mystery,In the Woods (Dublin Murder Squad #1)
Mystery,The Silkworm (Cormoran Strike #2)
Mystery,The Exiled
Mystery,The Cuckoo's Calling (Cormoran Strike #1)
Mystery,Extreme Prey (Lucas Davenport #26)
Mystery,Career of Evil (Cormoran Strike #3)
Mystery,The No. 1 Ladies' Detective Agency (No. 1 Ladies' Detective Agency #1)
Mystery,The Girl You Lost
Mystery,The Girl In The Ice (DCI Erika Foster #1)
Mystery,Blood Defense (Samantha Brinkman #1)
Mystery,1st to Die (Women's Murder Club #1)
Historical Fiction,Tipping the Velvet
Historical Fiction,Forever and Forever: The Courtship of Henry Longfellow and Fanny Appleton
Historical Fiction,A Flight of Arrows (The Pathfinders #2)
Historical Fiction,The House by the Lake
Historical Fiction,Mrs. Houdini
Historical Fiction,The Marriage of Opposites
Historical Fiction,Glory over Everything: Beyond The Kitchen House
Historical Fiction,"Love, Lies and Spies"
Historical Fiction,A Paris Apartment
Historical Fiction,Lilac Girls
Historical Fiction,The Constant Princess (The Tudor Court #1)
Historical Fiction,The Invention of Wings
Historical Fiction,World Without End (The Pillars of the Earth #2)
Historical Fiction,The Passion of Dolssa
Historical Fiction,Girl With a Pearl Earring
Historical Fiction,Voyager (Outlander #3)
Historical Fiction,The Red Tent
Historical Fiction,The Last Painting of Sara de Vos
Historical Fiction,The Guernsey Literary and Potato Peel Pie Society
Historical Fiction,Girl in the Blue Coat
Historical Fiction,Between Shades of Gray
Historical Fiction,While You Were Mine
Historical Fiction,The Secret Healer
Historical Fiction,Starlark
Historical Fiction,Lost Among the Living
Historical Fiction,A Spy's Devotion (The Regency Spies of London #1)
Sequential Art,Scott Pilgrim's Precious Little Life (Scott Pilgrim #1)
Sequential Art,Tsubasa: WoRLD CHRoNiCLE 2 (Tsubasa WoRLD CHRoNiCLE #2)
Sequential Art,This One Summer
Sequential Art,The Nameless City (The Nameless City #1)
Sequential Art,"Saga, Volume 5 (Saga (Collected Editions) #5)"
Sequential Art,"Rat Queens, Vol. 3: Demons (Rat Queens (Collected Editions) #11-15)"
Sequential Art,"Princess Jellyfish 2-in-1 Omnibus, Vol. 01 (Princess Jellyfish 2-in-1 Omnibus #1)"
Sequential Art,"Pop Gun War, Volume 1: Gift"
Sequential Art,Patience
Sequential Art,"Outcast, Vol. 1: A Darkness Surrounds Him (Outcast #1)"
Sequential Art,orange: The Complete Collection 1 (orange: The Complete Collection #1)
Sequential Art,"Lumberjanes, Vol. 2: Friendship to the Max (Lumberjanes #5-8)"
Sequential Art,"Lumberjanes, Vol. 1: Beware the Kitten Holy (Lumberjanes #1-4)"
Sequential Art,Lumberjanes Vol. 3: A Terrible Plan (Lumberjanes #9-12)
Sequential Art,"I Hate Fairyland, Vol. 1: Madly Ever After (I Hate Fairyland (Compilations) #1-5)"
Sequential Art,I am a Hero Omnibus Volume 1
Sequential Art,"Giant Days, Vol. 2 (Giant Days #5-8)"
Sequential Art,Danganronpa Volume 1
Sequential Art,"Codename Baboushka, Volume 1: The Conclave of Death"
Sequential Art,Camp Midnight
Sequential Art,"Bitch Planet, Vol. 1: Extraordinary Machine (Bitch Planet (Collected Editions))"
Sequential Art,The Shadow Hero (The Shadow Hero)
Sequential Art,"Fables, Vol. 1: Legends in Exile (Fables #1)"
Sequential Art,Batman: The Long Halloween (Batman)
Sequential Art,Batman: The Dark Knight Returns (Batman)
Sequential Art,"Wonder Woman: Earth One, Volume One (Wonder Woman: Earth One #1)"
Sequential Art,"We Are Robin, Vol. 1: The Vigilante Business (We Are Robin #1)"
Sequential Art,Through the Woods
Sequential Art,Superman Vol. 1: Before Truth (Superman by Gene Luen Yang #1)
Sequential Art,"So Cute It Hurts!!, Vol. 6 (So Cute It Hurts!! #6)"
Sequential Art,Robin War
Sequential Art,"Red Hood/Arsenal, Vol. 1: Open for Business (Red Hood/Arsenal #1)"
Sequential Art,"Naruto (3-in-1 Edition), Vol. 14: Includes Vols. 40, 41 & 42 (Naruto: Omnibus #14)"
Sequential Art,Lowriders to the Center of the Earth (Lowriders in Space #2)
Sequential Art,El Deafo
Sequential Art,Batman: Europa
Sequential Art,Art Ops Vol. 1
Sequential Art,"Adulthood Is a Myth: A ""Sarah's Scribbles"" Collection"
Sequential Art,"Fruits Basket, Vol. 9 (Fruits Basket #9)"
Sequential Art,Roller Girl
Sequential Art,"Fruits Basket, Vol. 7 (Fruits Basket #7)"
Sequential Art,"Fruits Basket, Vol. 6 (Fruits Basket #6)"
Sequential Art,"Death Note, Vol. 6: Give-and-Take (Death Note #6)"
Sequential Art,"Fruits Basket, Vol. 5 (Fruits Basket #5)"
Sequential Art,"Death Note, Vol. 5: Whiteout (Death Note #5)"
Sequential Art,"The Demon Prince of Momochi House, Vol. 4 (The Demon Prince of Momochi House #4)"
Sequential Art,"Fruits Basket, Vol. 4 (Fruits Basket #4)"
Sequential Art,"The Wicked + The Divine, Vol. 3: Commercial Suicide (The Wicked + The Divine)"
Sequential Art,"The Sandman, Vol. 3: Dream Country (The Sandman (volumes) #3)"
Sequential Art,"Saga, Volume 3 (Saga (Collected Editions) #3)"
Sequential Art,Prodigy: The Graphic Novel (Legend: The Graphic Novel #2)
Sequential Art,Persepolis: The Story of a Childhood (Persepolis #1-2)
Sequential Art,Original Fake
Sequential Art,"Grayson, Vol 3: Nemesis (Grayson #3)"
Sequential Art,"Fruits Basket, Vol. 3 (Fruits Basket #3)"
Sequential Art,"Black Butler, Vol. 1 (Black Butler #1)"
Sequential Art,Awkward
Sequential Art,"The Sandman, Vol. 2: The Doll's House (The Sandman (volumes) #2)"
Sequential Art,"Saga, Volume 2 (Saga (Collected Editions) #2)"
Sequential Art,"Fruits Basket, Vol. 2 (Fruits Basket #2)"
Sequential Art,"Y: The Last Man, Vol. 1: Unmanned (Y: The Last Man #1)"
Sequential Art,"The Wicked + The Divine, Vol. 1: The Faust Act (The Wicked + The Divine)"
Sequential Art,"The Sandman, Vol. 1: Preludes and Nocturnes (The Sandman (volumes) #1)"
Sequential Art,The Complete Maus (Maus #1-2)
Sequential Art,"Skip Beat!, Vol. 01 (Skip Beat! #1)"
Sequential Art,"Saga, Volume 1 (Saga (Collected Editions) #1)"
Sequential Art,"Rat Queens, Vol. 1: Sass & Sorcery (Rat Queens (Collected Editions) #1-5)"
Sequential Art,"Paper Girls, Vol. 1 (Paper Girls #1-5)"
Sequential Art,"Ouran High School Host Club, Vol. 1 (Ouran High School Host Club #1)"
Sequential Art,"Ms. Marvel, Vol. 1: No Normal (Ms. Marvel (2014-2015) #1)"
Sequential Art,"Hawkeye, Vol. 1: My Life as a Weapon (Hawkeye #1)"
Sequential Art,"Giant Days, Vol. 1 (Giant Days #1-4)"
Sequential Art,"Fruits Basket, Vol. 1 (Fruits Basket #1)"
Sequential Art,"Bleach, Vol. 1: Strawberry and the Soul Reapers (Bleach #1)"
Sequential Art,"Ajin: Demi-Human, Volume 1 (Ajin: Demi-Human #1)"
Classics,The Secret Garden
Classics,The Metamorphosis
Classics,The Pilgrim's Progress
Classics,The Hound of the Baskervilles (Sherlock Holmes #5)
Classics,Little Women (Little Women #1)
Classics,Gone with the Wind
Classics,Candide
Classics,Animal Farm
Classics,Wuthering Heights
Classics,The Picture of Dorian Gray
Classics,The Complete Stories and Poems (The Works of Edgar Allan Poe [Cameo Edition])
Classics,Beowulf
Classics,And Then There Were None
Classics,The Story of Hong Gildong
Classics,The Little Prince
Classics,Sense and Sensibility
Classics,Of Mice and Men
Classics,Emma
Classics,Alice in Wonderland (Alice's Adventures in Wonderland #1)
Philosophy,Sophie's World
Philosophy,The Death of Humanity: and the Case for Life
Philosophy,The Stranger
Philosophy,Proofs of God: Classical Arguments from Tertullian to Barth
Philosophy,Kierkegaard: A Christian Missionary to Christians
Philosophy,"At The Existentialist CafÃ©: Freedom, Being, and apricot cocktails with: Jean-Paul Sartre, Simone de Beauvoir, Albert Camus, Martin Heidegger, Edmund Husserl, Karl Jaspers, Maurice Merleau-Ponty and others"
Philosophy,Critique of Pure Reason
Philosophy,"Run, Spot, Run: The Ethics of Keeping Pets"
Philosophy,The Nicomachean Ethics
Philosophy,Meditations
Philosophy,Beyond Good and Evil
Romance,Chase Me (Paris Nights #2)
Romance,Black Dust
Romance,Her Backup Boyfriend (The Sorensen Family #1)
Romance,First and First (Five Boroughs #3)
Romance,Fifty Shades Darker (Fifty Shades #2)
Romance,The Wedding Dress
Romance,Suddenly in Love (Lake Haven #1)
Romance,Something More Than This
Romance,Doing It Over (Most Likely To #1)
Romance,The Wedding Pact (The O'Malleys #2)
Romance,Hold Your Breath (Search and Rescue #1)
Romance,Dirty (Dive Bar #1)
Romance,Take Me Home Tonight (Rock Star Romance #3)
Romance,Off the Hook (Fishing for Trouble #1)
Romance,A Gentleman's Position (Society of Gentlemen #3)
Romance,"Sit, Stay, Love"
Romance,A Girl's Guide to Moving On (New Beginnings #2)
Romance,The Perfect Play (Play by Play #1)
Romance,Dark Lover (Black Dagger Brotherhood #1)
Romance,Changing the Game (Play by Play #2)
Romance,A Walk to Remember
Romance,The Purest Hook (Second Circle Tattoos #3)
Romance,The Obsession
Romance,Reservations for Two
Romance,Best of My Love (Fool's Gold #20)
Romance,Where Lightning Strikes (Bleeding Stars #3)
Romance,This One Moment (Pushing Limits #1)
Romance,"Rhythm, Chord & Malykhin"
Romance,My Perfect Mistake (Over the Top #1)
Romance,Listen to Me (Fusion #1)
Romance,Imperfect Harmony
Romance,Fighting Fate (Fighting #6)
Romance,Deep Under (Walker Security #1)
Romance,Charity's Cross (Charles Towne Belles #4)
Romance,Bounty (Colorado Mountain #7)
Womens Fiction,I Had a Nice Time And Other Lies...: How to find love & sh*t like that
Womens Fiction,Will You Won't You Want Me?
Womens Fiction,Keep Me Posted
Womens Fiction,Grey (Fifty Shades #4)
Womens Fiction,Meternity
Womens Fiction,Some Women
Womens Fiction,Shopaholic Ties the Knot (Shopaholic #3)
Womens Fiction,Can You Keep a Secret?
Womens Fiction,Twenties Girl
Womens Fiction,The Undomestic Goddess
Womens Fiction,The Nanny Diaries (Nanny #1)
Womens Fiction,The Devil Wears Prada (The Devil Wears Prada #1)
Womens Fiction,Something Borrowed (Darcy & Rachel #1)
Womens Fiction,Something Blue (Darcy & Rachel #2)
Womens Fiction,I've Got Your Number
Womens Fiction,The Edge of Reason (Bridget Jones #2)
Womens Fiction,Bridget Jones's Diary (Bridget Jones #1)
Fiction,Soumission
Fiction,Private Paris (Private #10)
Fiction,"We Love You, Charlie Freeman"
Fiction,Thirst
Fiction,The Murder That Never Was (Forensic Instincts #5)
Fiction,Tuesday Nights in 1980
Fiction,The Vacationers
Fiction,The Regional Office Is Under Attack!
Fiction,Finders Keepers (Bill Hodges Trilogy #2)
Fiction,The Time Keeper
Fiction,The Testament of Mary
Fiction,The First Hostage (J.B. Collins #2)
Fiction,Take Me with You
Fiction,Still Life with Bread Crumbs
Fiction,Shtum
Fiction,My Name Is Lucy Barton
Fiction,My Mrs. Brown
Fiction,Mr. Mercedes (Bill Hodges Trilogy #1)
Fiction,I Am Pilgrim (Pilgrim #1)
Fiction,Eligible (The Austen Project #4)
Fiction,Eight Hundred Grapes
Fiction,Dear Mr. Knightley
Fiction,Cometh the Hour (The Clifton Chronicles #6)
Fiction,Balloon Animals
Fiction,A Man Called Ove
Fiction,The Silent Sister (Riley MacPherson #1)
Fiction,The Dinner Party
Fiction,The Improbability of Love
Fiction,Mothering Sunday
Fiction,Lies and Other Acts of Love
Fiction,Daredevils
Fiction,11/22/63
Fiction,The Shack
Fiction,The High Mountains of Portugal
Fiction,Miller's Valley
Fiction,Hystopia: A Novel
Fiction,The Bourne Identity (Jason Bourne #1)
Fiction,Sister Dear
Fiction,Memoirs of a Geisha
Fiction,Me Before You (Me Before You #1)
Fiction,Deception Point
Fiction,The Little Paris Bookshop
Fiction,The Firm
Fiction,The Expatriates
Fiction,Siddhartha
Fiction,Last One Home (New Beginnings #1)
Fiction,Digital Fortress
Fiction,Atlas Shrugged
Fiction,Three-Martini Lunch
Fiction,The Nightingale
Fiction,The Infinities
Fiction,The Husband's Secret
Fiction,The Da Vinci Code (Robert Langdon #2)
Fiction,The Art of Fielding
Fiction,Lila (Gilead #3)
Fiction,Jurassic Park (Jurassic Park #1)
Fiction,Inferno (Robert Langdon #4)
Fiction,Crazy Rich Asians (Crazy Rich Asians #1)
Fiction,Big Little Lies
Fiction,The Course of Love
Fiction,When I'm Gone
Fiction,The Silent Wife
Fiction,The Bette Davis Club
Fiction,Kitchens of the Great Midwest
Fiction,Bright Lines
Childrens,Birdsong: A Story in Pictures
Childrens,The Bear and the Piano
Childrens,The Secret of Dreadwillow Carse
Childrens,The White Cat and the Monk: A Retelling of the Poem âPangur BÃ¡nâ
Childrens,Little Red
Childrens,Walt Disney's Alice in Wonderland
Childrens,Twenty Yawns
Childrens,Rain Fish
Childrens,Once Was a Time
Childrens,Luis Paints the World
Childrens,Nap-a-Roo
Childrens,The Whale
Childrens,"Shrunken Treasures: Literary Classics, Short, Sweet, and Silly"
Childrens,Raymie Nightingale
Childrens,Playing from the Heart
Childrens,Maybe Something Beautiful: How Art Transformed a Neighborhood
Childrens,The Wild Robot
Childrens,The Thing About Jellyfish
Childrens,The Lonely Ones
Childrens,The Day the Crayons Came Home (Crayons)
Childrens,The Cat in the Hat (Beginner Books B-1)
Childrens,Red: The True Story of Red Riding Hood
Childrens,Horrible Bear!
Childrens,Green Eggs and Ham (Beginner Books B-16)
Childrens,Counting Thyme
Childrens,Are We There Yet?
Childrens,Diary of a Minecraft Zombie Book 1: A Scare of a Dare (An Unofficial Minecraft Book)
Childrens,Matilda
Childrens,Charlie and the Chocolate Factory (Charlie Bucket #1)
Religion,"Don't Be a Jerk: And Other Practical Advice from Dogen, Japan's Greatest Zen Master"
Religion,You Are What You Love: The Spiritual Power of Habit
Religion,God: The Most Unpleasant Character in All Fiction
Religion,The Book of Mormon
Religion,"A History of God: The 4,000-Year Quest of Judaism, Christianity, and Islam"
Religion,The Bhagavad Gita
Religion,Choosing Our Religion: The Spiritual Lives of America's Nones
Nonfiction,Worlds Elsewhere: Journeys Around Shakespeareâs Globe
Nonfiction,The Five Love Languages: How to Express Heartfelt Commitment to Your Mate
Nonfiction,Reasons to Stay Alive
Nonfiction,#HigherSelfie: Wake Up Your Life. Free Your Soul. Find Your Tribe.
Nonfiction,"Unseen City: The Majesty of Pigeons, the Discreet Charm of Snails & Other Wonders of the Urban Wilderness"
Nonfiction,Throwing Rocks at the Google Bus: How Growth Became the Enemy of Prosperity
Nonfiction,The Life-Changing Magic of Tidying Up: The Japanese Art of Decluttering and Organizing
Nonfiction,The Gutsy Girl: Escapades for Your Life of Epic Adventure
Nonfiction,The Electric Pencil: Drawings from Inside State Hospital No. 3
Nonfiction,Spark Joy: An Illustrated Master Class on the Art of Organizing and Tidying Up
Nonfiction,Reskilling America: Learning to Labor in the Twenty-First Century
Nonfiction,In the Country We Love: My Family Divided
Nonfiction,Everydata: The Misinformation Hidden in the Little Data You Consume Every Day
Nonfiction,Call the Nurse: True Stories of a Country Nurse on a Scottish Isle
Nonfiction,Algorithms to Live By: The Computer Science of Human Decisions
Nonfiction,The Power of Now: A Guide to Spiritual Enlightenment
Nonfiction,The Omnivore's Dilemma: A Natural History of Four Meals
Nonfiction,The Genius of Birds
Nonfiction,The Artist's Way: A Spiritual Path to Higher Creativity
Nonfiction,So You've Been Publicly Shamed
Nonfiction,"Daring Greatly: How the Courage to Be Vulnerable Transforms the Way We Live, Love, Parent, and Lead"
Nonfiction,Big Magic: Creative Living Beyond Fear
Nonfiction,Becoming Wise: An Inquiry into the Mystery and Art of Living
Nonfiction,Agnostic: A Spirited Manifesto
Nonfiction,Whole Lotta Creativity Going On: 60 Fun and Unusual Exercises to Awaken and Strengthen Your Creativity
Nonfiction,What's It Like in Space?: Stories from Astronauts Who've Been There
Nonfiction,The Year of Magical Thinking
Nonfiction,The Literature Book (Big Ideas Simply Explained)
Nonfiction,The Bad-Ass Librarians of Timbuktu: And Their Race to Save the Worldâs Most Precious Manuscripts
Nonfiction,Swell: A Year of Waves
Nonfiction,No Dream Is Too High: Life Lessons From a Man Who Walked on the Moon
Nonfiction,Looking for Lovely: Collecting the Moments that Matter
Nonfiction,Let It Out: A Journey Through Journaling
Nonfiction,Hamilton: The Revolution
Nonfiction,"Far & Away: Places on the Brink of Change: Seven Continents, Twenty-Five Years"
Nonfiction,"Eaternity: More than 150 Deliciously Easy Vegan Recipes for a Long, Healthy, Satisfied, Joyful Life"
Nonfiction,Buying In: The Secret Dialogue Between What We Buy and Who We Are
Nonfiction,Brain on Fire: My Month of Madness
Nonfiction,Abstract City
Nonfiction,13 Hours: The Inside Account of What Really Happened In Benghazi
Nonfiction,The Lonely City: Adventures in the Art of Being Alone
Nonfiction,The Diary of a Young Girl
Nonfiction,Snatched: How A Drug Queen Went Undercover for the DEA and Was Kidnapped By Colombian Guerillas
Nonfiction,Furiously Happy: A Funny Book About Horrible Things
Nonfiction,"The Sleep Revolution: Transforming Your Life, One Night at a Time"
Nonfiction,"Mother, Can You Not?"
Nonfiction,A Mother's Reckoning: Living in the Aftermath of Tragedy
Nonfiction,"10% Happier: How I Tamed the Voice in My Head, Reduced Stress Without Losing My Edge, and Found Self-Help That Actually Works"
Nonfiction,Chernobyl 01:23:40: The Incredible True Story of the World's Worst Nuclear Disaster
Nonfiction,"Zero to One: Notes on Startups, or How to Build the Future"
Nonfiction,Why Not Me?
Nonfiction,When Breath Becomes Air
Nonfiction,"The Midnight Assassin: Panic, Scandal, and the Hunt for America's First Serial Killer"
Nonfiction,Smarter Faster Better: The Secrets of Being Productive in Life and Business
Nonfiction,Rising Strong
Nonfiction,Man's Search for Meaning
Nonfiction,"Love That Boy: What Two Presidents, Eight Road Trips, and My Son Taught Me About a Parent's Expectations"
Nonfiction,Living Forward: A Proven Plan to Stop Drifting and Get the Life You Want
Nonfiction,I Will Find You
Nonfiction,Brazen: The Courage to Find the You That's Been Hiding
Nonfiction,Between the World and Me
Nonfiction,Being Mortal: Medicine and What Matters in the End
Nonfiction,"A Murder Over a Girl: Justice, Gender, Junior High"
Nonfiction,For the Love: Fighting for Grace in a World of Impossible Standards
Nonfiction,Finding God in the Ruins: How God Redeems Pain
Nonfiction,The Man Who Mistook His Wife for a Hat and Other Clinical Tales
Nonfiction,In Cold Blood
Nonfiction,"Girl, Interrupted"
Nonfiction,Why Save the Bankers?: And Other Essays on Our Economic and Political Crisis
Nonfiction,Talking to Girls About Duran Duran: One Young Man's Quest for True Love and a Cooler Haircut
Nonfiction,My Mother Was Nuts
Nonfiction,"Data, A Love Story: How I Gamed Online Dating to Meet My Match"
Nonfiction,The Jazz of Physics: The Secret Link Between Music and the Structure of the Universe
Nonfiction,The Gunning of America: Business and the Making of American Gun Culture
Nonfiction,The Geography of Bliss: One Grump's Search for the Happiest Places in the World
Nonfiction,God Is Not Great: How Religion Poisons Everything
Nonfiction,We the People: The Modern-Day Figures Who Have Reshaped and Affirmed the Founding Fathers' Vision of America
Nonfiction,Very Good Lives: The Fringe Benefits of Failure and the Importance of Imagination
Nonfiction,"Unstuffed: Decluttering Your Home, Mind, and Soul"
Nonfiction,Under the Banner of Heaven: A Story of Violent Faith
Nonfiction,"Trespassing Across America: One Man's Epic, Never-Done-Before (and Sort of Illegal) Hike Across the Heartland"
Nonfiction,The Name of God is Mercy
Nonfiction,Stiff: The Curious Lives of Human Cadavers
Nonfiction,Spilled Milk: Based on a True Story
Nonfiction,"Rise of the Rocket Girls: The Women Who Propelled Us, from Missiles to the Moon to Mars"
Nonfiction,Outliers: The Story of Success
Nonfiction,Notes from a Small Island (Notes From a Small Island #1)
Nonfiction,Night (The Night Trilogy #1)
Nonfiction,"Miracles from Heaven: A Little Girl, Her Journey to Heaven, and Her Amazing Story of Healing"
Nonfiction,Letter to a Christian Nation
Nonfiction,Let's Pretend This Never Happened: A Mostly True Memoir
Nonfiction,It's Never Too Late to Begin Again: Discovering Creativity and Meaning at Midlife and Beyond
Nonfiction,Into the Wild
Nonfiction,"In the Garden of Beasts: Love, Terror, and an American Family in Hitler's Berlin"
Nonfiction,I Am Malala: The Girl Who Stood Up for Education and Was Shot by the Taliban
Nonfiction,Gratitude
Nonfiction,Disrupted: My Misadventure in the Start-Up Bubble
Nonfiction,Brave Enough
Nonfiction,"Born to Run: A Hidden Tribe, Superathletes, and the Greatest Race the World Has Never Seen"
Nonfiction,Blink: The Power of Thinking Without Thinking
Nonfiction,Black Flags: The Rise of ISIS
Nonfiction,Are We Smart Enough to Know How Smart Animals Are?
Nonfiction,A Walk in the Woods: Rediscovering America on the Appalachian Trail
Nonfiction,"The Suffragettes (Little Black Classics, #96)"
Nonfiction,Kindle Paperwhite User's Guide
Nonfiction,H is for Hawk
Nonfiction,Travels with Charley: In Search of America
Nonfiction,The Tumor
Nonfiction,The End of the Jesus Era (An Investigation #1)
Nonfiction,"Eat, Pray, Love"
Music,Rip it Up and Start Again
Music,"Our Band Could Be Your Life: Scenes from the American Indie Underground, 1981-1991"
Music,How Music Works
Music,Love Is a Mix Tape (Music #1)
Music,Please Kill Me: The Uncensored Oral History of Punk
Music,Kill 'Em and Leave: Searching for James Brown and the American Soul
Music,"Chronicles, Vol. 1"
Music,This Is Your Brain on Music: The Science of a Human Obsession
Music,"Orchestra of Exiles: The Story of Bronislaw Huberman, the Israel Philharmonic, and the One Thousand Jews He Saved from Nazi Horrors"
Music,No One Here Gets Out Alive
Music,Life
Music,Old Records Never Die: One Man's Quest for His Vinyl and His Past
Music,Forever Rockers (The Rocker #12)
Default,"The Coming Woman: A Novel Based on the Life of the Infamous Feminist, Victoria Woodhull"
Default,The Boys in the Boat: Nine Americans and Their Epic Quest for Gold at the 1936 Berlin Olympics
Default,"Starving Hearts (Triangular Trade Trilogy, #1)"
Default,America's Cradle of Quarterbacks: Western Pennsylvania's Football Factory from Johnny Unitas to Joe Montana
Default,Aladdin and His Wonderful Lamp
Default,Penny Maybe
Default,Maude (1883-1993):She Grew Up with the country
Default,"The Inefficiency Assassin: Time Management Tactics for Working Smarter, Not Longer"
Default,Soul Reader
Default,Bossypants
Default,A World of Flavor: Your Gluten Free Passport
Default,"A Piece of Sky, a Grain of Rice: A Memoir in Four Meditations"
Default,Tracing Numbers on a Train
Default,Thirteen Reasons Why
Default,The Secret (The Secret #1)
Default,The Psychopath Test: A Journey Through the Madness Industry
Default,The Kite Runner
Default,The Girl on the Train
Default,The Emerald Mystery
Default,The Bridge to Consciousness: I'm Writing the Bridge Between Science and Our Old and New Beliefs.
Default,The Art of War
Default,Secrets and Lace (Fatal Hearts #1)
Default,Romero and Juliet: A Tragic Tale of Love and Zombies
Default,Poses for Artists Volume 1 - Dynamic and Sitting Poses: An Essential Reference for Figure Drawing and the Human Form
Default,Miss Peregrineâs Home for Peculiar Children (Miss Peregrineâs Peculiar Children #1)
Default,Large Print Heart of the Pride
Default,Grumbles
Default,First Steps for New Christians (Print Edition)
Default,Eureka Trivia 6.0
Default,Drive: The Surprising Truth About What Motivates Us
Default,Done Rubbed Out (Reightman & Bailey #1)
Default,Beauty Restored (Riley Family Legacy Novellas #3)
Default,Ayumi's Violin
Default,Anonymous
Default,Amy Meets the Saints and Sages
Default,Amatus
Default,V for Vendetta (V for Vendetta Complete)
Default,"Unbroken: A World War II Story of Survival, Resilience, and Redemption"
Default,The Wright Brothers
Default,The Songs of the Gods
Default,The Rosie Project (Don Tillman #1)
Default,The Power of Habit: Why We Do What We Do in Life and Business
Default,Steve Jobs
Default,Luckiest Girl Alive
Default,"Living Leadership by Insight: A Good Leader Achieves, a Great Leader Builds Monuments"
Default,Lady Midnight (The Dark Artifices #1)
Default,"Hush, Hush (Hush, Hush #1)"
Default,Greek Mythic History
Default,Every Last Word
Default,Daily Fantasy Sports
Default,Clockwork Angel (The Infernal Devices #1)
Default,City of Fallen Angels (The Mortal Instruments #4)
Default,City of Bones (The Mortal Instruments #1)
Default,City of Ashes (The Mortal Instruments #2)
Default,"Carry On, Warrior: Thoughts on Life Unarmed"
Default,Carrie
Default,Angels & Demons (Robert Langdon #1)
Default,"The Three Searches, Meaning, and the Story"
Default,Raspberry Pi Electronics Projects for the Evil Genius
Default,How to Speak Golf: An Illustrated Guide to Links Lingo
Default,Eleanor & Park
Default,Troublemaker: Surviving Hollywood and Scientology
Default,Adultery
Default,Unlimited Intuition Now
Default,Underlying Notes
Default,The New Brand You: Your New Image Makes the Sale for You
Default,The Flowers Lied
Default,"NaNo What Now? Finding your editing process, revising your NaNoWriMo book and building a writing career through publishing and beyond"
Default,Modern Day Fables
Default,The Unlikely Pilgrimage of Harold Fry (Harold Fry #1)
Default,The Martian (The Martian #1)
Default,Left Behind (Left Behind #1)
Default,John Vassos: Industrial Design for Modern Life
Default,I'll Give You the Sun
Default,Heaven is for Real: A Little Boy's Astounding Story of His Trip to Heaven and Back
Default,Ender's Game (The Ender Quintet #1)
Default,Death by Leisure: A Cautionary Tale
Default,Wildlife of New York: A Five-Borough Coloring Book
Default,The Year of Living Biblically: One Man's Humble Quest to Follow the Bible as Literally as Possible
Default,The Great Gatsby
Default,The Good Girl
Default,The 7 Habits of Highly Effective People: Powerful Lessons in Personal Change
Default,Steal Like an Artist: 10 Things Nobody Told You About Being Creative
Default,Life of Pi
Default,The Sound Of Love
Default,The Perks of Being a Wallflower
Default,The Makings of a Fatherless Child
Default,The Hobbit (Middle-Earth Universe)
Default,The Fellowship of the Ring (The Lord of the Rings #1)
Default,Ship Leaves Harbor: Essays on Travel by a Recovering Journeyman
Default,Musicophilia: Tales of Music and the Brain
Default,What If?: Serious Scientific Answers to Absurd Hypothetical Questions
Default,The Fault in Our Stars
Default,The Dream Thieves (The Raven Cycle #2)
Default,The 5th Wave (The 5th Wave #1)
Default,Shiver (The Wolves of Mercy Falls #1)
Default,Remember Me?
Default,If I Stay (If I Stay #1)
Default,I Know Why the Caged Bird Sings (Maya Angelou's Autobiography #1)
Default,Harry Potter and the Deathly Hallows (Harry Potter #7)
Default,Fool Me Once
Default,Drama
Default,"Blue Lily, Lily Blue (The Raven Cycle #3)"
Default,Alight (The Generations Trilogy #2)
Default,Vogue Colors A to Z: A Fashion Coloring Book
Default,The Shining (The Shining #1)
Default,The Hunger Games (The Hunger Games #1)
Default,Outlander (Outlander #1)
Default,Mockingjay (The Hunger Games #3)
Default,Harry Potter and the Sorcerer's Stone (Harry Potter #1)
Default,Confessions of a Shopaholic (Shopaholic #1)
Default,Zero History (Blue Ant #3)
Default,World War Z: An Oral History of the Zombie War
Default,Wild: From Lost to Found on the Pacific Crest Trail
Default,"Where'd You Go, Bernadette"
Default,Twilight (Twilight #1)
Default,The Paris Wife
Default,The Maze Runner (The Maze Runner #1)
Default,The Lover's Dictionary
Default,The Goldfinch
Default,The Giver (The Giver Quartet #1)
Default,The Girl Who Played with Fire (Millennium Trilogy #2)
Default,The Demon-Haunted World: Science as a Candle in the Dark
Default,The Book Thief
Default,The Autobiography of Malcolm X
Default,Shopaholic & Baby (Shopaholic #5)
Default,Quiet: The Power of Introverts in a World That Can't Stop Talking
Default,Packing for Mars: The Curious Science of Life in the Void
Default,Orange Is the New Black
Default,One for the Money (Stephanie Plum #1)
Default,Morning Star (Red Rising #3)
Default,Life After Life
Default,"Lean In: Women, Work, and the Will to Lead"
Default,Is Everyone Hanging Out Without Me? (And Other Concerns)
Default,Gone Girl
Default,Fellside
Default,Eclipse (Twilight #3)
Default,Dracula
Default,Dead Wake: The Last Crossing of the Lusitania
Default,"David and Goliath: Underdogs, Misfits, and the Art of Battling Giants"
Default,Dark Places
Default,Breaking Dawn (Twilight #4)
Default,Beautiful Creatures (Caster Chronicles #1)
Default,A Visit from the Goon Squad
Default,The Zombie Room
Default,The Name of the Wind (The Kingkiller Chronicle #1)
Default,Taking Shots (Assassins #1)
Default,Shatter Me (Shatter Me #1)
Default,Paradise Lost (Paradise #1)
Default,On the Road (Duluoz Legend)
Default,Jane Eyre
Default,Frankenstein
Science Fiction,Mesaerion: The Best Science Fiction Stories 1800-1849
Science Fiction,Join
Science Fiction,"William Shakespeare's Star Wars: Verily, A New Hope (William Shakespeare's Star Wars #4)"
Science Fiction,The Project
Science Fiction,Soft Apocalypse
Science Fiction,Sleeping Giants (Themis Files #1)
Science Fiction,Arena
Science Fiction,Foundation (Foundation (Publication Order) #1)
Science Fiction,The Restaurant at the End of the Universe (Hitchhiker's Guide to the Galaxy #2)
Science Fiction,Ready Player One
Science Fiction,"Life, the Universe and Everything (Hitchhiker's Guide to the Galaxy #3)"
Science Fiction,Dune (Dune #1)
Science Fiction,Do Androids Dream of Electric Sheep? (Blade Runner #1)
Science Fiction,Three Wishes (River of Time: California #1)
Science Fiction,The Last Girl (The Dominion Trilogy #1)
Science Fiction,Having the Barbarian's Baby (Ice Planet Barbarians #7.5)
Sports and Games,The Book of Basketball: The NBA According to The Sports Guy
Sports and Games,"Friday Night Lights: A Town, a Team, and a Dream"
Sports and Games,Sugar Rush (Offensive Line #2)
Sports and Games,Settling the Score (The Summer Games #1)
Sports and Games,Icing (Aces Hockey #2)
Add a comment,The Torch Is Passed: A Harding Family Story
Add a comment,"The Mindfulness and Acceptance Workbook for Anxiety: A Guide to Breaking Free from Anxiety, Phobias, and Worry Using Acceptance and Commitment Therapy"
Add a comment,The Art Forger
Add a comment,On a Midnight Clear
Add a comment,Judo: Seven Steps to Black Belt (an Introductory Guide for Beginners)
Add a comment,"Shobu Samurai, Project Aryoku (#3)"
Add a comment,Modern Romance
Add a comment,The White Queen (The Cousins' War #1)
Add a comment,The Song of Achilles
Add a comment,The Immortal Life of Henrietta Lacks
Add a comment,The Dovekeepers
Add a comment,More Than Music (Chasing the Dream #1)
Add a comment,Code Name Verity (Code Name Verity #1)
Add a comment,Cell
Add a comment,Angels Walking (Angels Walking #1)
Add a comment,"A Series of Catastrophes and Miracles: A True Story of Love, Science, and Cancer"
Add a comment,A People's History of the United States
Add a comment,A Brush of Wings (Angels Walking #3)
Add a comment,Rook
Add a comment,The Midnight Watch: A Novel of the Titanic and the Californian
Add a comment,The Gray Rhino: How to Recognize and Act on the Obvious Dangers We Ignore
Add a comment,The Children
Add a comment,One with You (Crossfire #5)
Add a comment,Without Shame
Add a comment,Watchmen
Add a comment,A Hero's Curse (The Unseen Chronicles #1)
Add a comment,23 Degrees South: A Tropical Tale of Changing Whether...
Add a comment,The Glass Castle
Add a comment,The Drowning Girls
Add a comment,Team of Rivals: The Political Genius of Abraham Lincoln
Add a comment,John Adams
Add a comment,Good in Bed (Cannie Shapiro #1)
Add a comment,The Joy of Cooking
Add a comment,The Golden Compass (His Dark Materials #1)
Add a comment,The God Delusion
Add a comment,Pride and Prejudice
Add a comment,Mere Christianity
Add a comment,Fun Home: A Family Tragicomic
Add a comment,The Raven King (The Raven Cycle #4)
Add a comment,Find Her (Detective D.D. Warren #8)
Add a comment,Evicted: Poverty and Profit in the American City
Add a comment,A Game of Thrones (A Song of Ice and Fire #1)
Add a comment,A Clash of Kings (A Song of Ice and Fire #2)
Add a comment,The Tipping Point: How Little Things Can Make a Big Difference
Add a comment,The Rest Is Noise: Listening to the Twentieth Century
Add a comment,The Purpose Driven Life: What on Earth Am I Here for?
Add a comment,The Hitchhiker's Guide to the Galaxy (Hitchhiker's Guide to the Galaxy #1)
Add a comment,The Girl Who Kicked the Hornet's Nest (Millennium Trilogy #3)
Add a comment,"The End of Faith: Religion, Terror, and the Future of Reason"
Add a comment,The Complete Poems
Add a comment,The Catcher in the Rye
Add a comment,The Case for Christ (Cases for Christianity)
Add a comment,The Blind Side: Evolution of a Game
Add a comment,Seven Days in the Art World
Add a comment,Sarah's Key
Add a comment,Rogue Lawyer (Rogue Lawyer #1)
Add a comment,Manuscript Found in Accra
Add a comment,Fire Bound (Sea Haven/Sisters of the Heart #5)
Add a comment,Cosmos
Add a comment,#GIRLBOSS
Add a comment,The Sense of an Ending
Add a comment,The Republic
Add a comment,The Odyssey
Add a comment,The Light of the Fireflies
Add a comment,The Iliad
Add a comment,The Communist Manifesto
Add a comment,Lord of the Flies
Fantasy,Unicorn Tracks
Fantasy,"Saga, Volume 6 (Saga (Collected Editions) #6)"
Fantasy,Princess Between Worlds (Wide-Awake Princess #5)
Fantasy,Masks and Shadows
Fantasy,Crown of Midnight (Throne of Glass #2)
Fantasy,"Avatar: The Last Airbender: Smoke and Shadow, Part 3 (Smoke and Shadow #3)"
Fantasy,A Court of Thorns and Roses (A Court of Thorns and Roses #1)
Fantasy,Throne of Glass (Throne of Glass #1)
Fantasy,The Glittering Court (The Glittering Court #1)
Fantasy,Hollow City (Miss Peregrineâs Peculiar Children #2)
Fantasy,The Star-Touched Queen
Fantasy,The Hidden Oracle (The Trials of Apollo #1)
Fantasy,The Bane Chronicles (The Bane Chronicles #1-11)
Fantasy,Island of Dragons (Unwanteds #7)
Fantasy,Demigods & Magicians: Percy and Annabeth Meet the Kanes (Percy Jackson & Kane Chronicles Crossover #1-3)
Fantasy,City of Glass (The Mortal Instruments #3)
Fantasy,Searching for Meaning in Gailana
Fantasy,The Star-Touched Queen
Fantasy,A Shard of Ice (The Black Symphony Saga #1)
Fantasy,King's Folly (The Kinsman Chronicles #1)
Fantasy,Every Heart a Doorway (Every Heart A Doorway #1)
Fantasy,A Gathering of Shadows (Shades of Magic #2)
Fantasy,The Raven Boys (The Raven Cycle #1)
Fantasy,The False Prince (The Ascendance Trilogy #1)
Fantasy,Tell the Wind and Fire
Fantasy,A Feast for Crows (A Song of Ice and Fire #4)
Fantasy,The Demonists (Demonist #1)
Fantasy,The Beast (Black Dagger Brotherhood #14)
Fantasy,Paper and Fire (The Great Library #2)
Fantasy,Harry Potter and the Order of the Phoenix (Harry Potter #5)
Fantasy,Harry Potter and the Half-Blood Prince (Harry Potter #6)
Fantasy,Harry Potter and the Chamber of Secrets (Harry Potter #2)
Fantasy,The Rose & the Dagger (The Wrath and the Dawn #2)
Fantasy,Soldier (Talon #3)
Fantasy,Midnight Riot (Peter Grant/ Rivers of London - books #1)
Fantasy,Heir to the Sky
Fantasy,Eragon (The Inheritance Cycle #1)
Fantasy,Darkfever (Fever #1)
Fantasy,Ash
Fantasy,A Storm of Swords (A Song of Ice and Fire #3)
Fantasy,Vampire Girl (Vampire Girl #1)
Fantasy,The Silent Twin (Detective Jennifer Knight #3)
Fantasy,The Mirror & the Maze (The Wrath and the Dawn #1.5)
Fantasy,Sister Sable (The Mad Queen #1)
Fantasy,Shadow Rites (Jane Yellowrock #10)
Fantasy,Origins (Alphas 0.5)
Fantasy,One Second (Seven #7)
Fantasy,Myriad (Prentor #1)
New Adult,Without Borders (Wanderlove #1)
New Adult,The Mistake (Off-Campus #2)
New Adult,The Matchmaker's Playbook (Wingmen Inc. #1)
New Adult,The Hook Up (Game On #1)
New Adult,Shameless
New Adult,Off Sides (Off #1)
Young Adult,The Requiem Red
Young Adult,Set Me Free
Young Adult,The Natural History of Us (The Fine Art of Pretending #2)
Young Adult,Obsidian (Lux #1)
Young Adult,Burning
Young Adult,A Fierce and Subtle Poison
Young Adult,Scarlett Epstein Hates It Here
Young Adult,"Nightingale, Sing"
Young Adult,Library of Souls (Miss Peregrineâs Peculiar Children #3)
Young Adult,Frostbite (Vampire Academy #2)
Young Adult,Wild Swans
Young Adult,Until Friday Night (The Field Party #1)
Young Adult,This Is Where It Ends
Young Adult,The Darkest Lie
Young Adult,My Kind of Crazy
Young Adult,Don't Get Caught
Young Adult,Catching Jordan (Hundred Oaks)
Young Adult,Aristotle and Dante Discover the Secrets of the Universe (Aristotle and Dante Discover the Secrets of the Universe #1)
Young Adult,The Epidemic (The Program 0.6)
Young Adult,Stars Above (The Lunar Chronicles #4.5)
Young Adult,No Love Allowed (Dodge Cove #1)
Young Adult,"Exit, Pursued by a Bear"
Young Adult,The Alien Club
Young Adult,Don't Forget Steven
Young Adult,South of Sunshine
Young Adult,My Life Next Door (My Life Next Door )
Young Adult,Future Shock (Future Shock #1)
Young Adult,Nightstruck: A Novel
Young Adult,Tell the Wolves I'm Home
Young Adult,"Will Grayson, Will Grayson (Will Grayson, Will Grayson)"
Young Adult,Where She Went (If I Stay #2)
Young Adult,Two Summers
Young Adult,The Darkest Corners
Young Adult,Tell Me Three Things
Young Adult,Lola and the Boy Next Door (Anna and the French Kiss #2)
Young Adult,Kill the Boy Band
Young Adult,Isla and the Happily Ever After (Anna and the French Kiss #3)
Young Adult,An Abundance of Katherines
Young Adult,Harry Potter and the Prisoner of Azkaban (Harry Potter #3)
Young Adult,Walk the Edge (Thunder Road #2)
Young Adult,Two Boys Kissing
Young Adult,The New Guy (and Other Senior Year Distractions)
Young Adult,"The Land of 10,000 Madonnas"
Young Adult,Scarlet (The Lunar Chronicles #2)
Young Adult,Legend (Legend #1)
Young Adult,Lady Renegades (Rebel Belle #3)
Young Adult,Golden (Heart of Dread #3)
Young Adult,Cinder (The Lunar Chronicles #1)
Young Adult,Boy Meets Boy
Young Adult,Annie on My Mind
Young Adult,New Moon (Twilight #2)
Young Adult,Girl Online On Tour (Girl Online #2)
Young Adult,The Haters
Young Adult,The Art of Not Breathing
Science,The Most Perfect Thing: Inside (and Outside) a Bird's Egg
Science,Immunity: How Elie Metchnikoff Changed the Course of Modern Medicine
Science,Sorting the Beef from the Bull: The Science of Food Fraud Forensics
Science,Tipping Point for Planet Earth: How Close Are We to the Edge?
Science,"The Fabric of the Cosmos: Space, Time, and the Texture of Reality"
Science,Diary of a Citizen Scientist: Chasing Tiger Beetles and Other New Ways of Engaging the World
Science,The Origin of Species
Science,The Grand Design
Science,Peak: Secrets from the New Science of Expertise
Science,"The Elegant Universe: Superstrings, Hidden Dimensions, and the Quest for the Ultimate Theory"
Science,"The Disappearing Spoon: And Other True Tales of Madness, Love, and the History of the World from the Periodic Table of the Elements"
Science,"Surely You're Joking, Mr. Feynman!: Adventures of a Curious Character"
Science,Seven Brief Lessons on Physics
Science,The Selfish Gene
Poetry,A Light in the Attic
Poetry,The Black Maria
Poetry,Shakespeare's Sonnets
Poetry,Olio
Poetry,You can't bury them all: Poems
Poetry,Slow States of Collapse: Poems
Poetry,Untitled Collection: Sabbath Poems 2014
Poetry,Poems That Make Grown Women Cry
Poetry,Night Sky with Exit Wounds
Poetry,salt.
Poetry,"Quarter Life Poetry: Poems for the Young, Broke and Hangry"
Poetry,Out of Print: City Lights Spotlight No. 14
Poetry,Les Fleurs du Mal
Poetry,Howl and Other Poems
Poetry,Leave This Song Behind: Teen Poetry at Its Best
Poetry,The Collected Poems of W.B. Yeats (The Collected Works of W.B. Yeats #1)
Poetry,The Crossover
Poetry,Booked
Poetry,Twenty Love Poems and a Song of Despair
Paranormal,"Vampire Knight, Vol. 1 (Vampire Knight #1)"
Art,Wall and Piece
Art,Feathers: Displays of Brilliant Plumage
Art,Art and Fear: Observations on the Perils (and Rewards) of Artmaking
Art,The New Drawing on the Right Side of the Brain
Art,History of Beauty
Art,The Story of Art
Art,The Art Book
Art,Ways of Seeing
Psychology,The Lucifer Effect: Understanding How Good People Turn Evil
Psychology,The Golden Condom: And Other Essays on Love Lost and Found
Psychology,It Didn't Start with You: How Inherited Family Trauma Shapes Who We Are and How to End the Cycle
Psychology,An Unquiet Mind: A Memoir of Moods and Madness
Psychology,"Thinking, Fast and Slow"
Psychology,Civilization and Its Discontents
Psychology,8 Keys to Mental Health Through Exercise
Autobiography,The Argonauts
Autobiography,M Train
Autobiography,Lab Girl
Autobiography,Approval Junkie: Adventures in Caring Too Much
Autobiography,Running with Scissors
Autobiography,Me Talk Pretty One Day
Autobiography,Lust & Wonder
Autobiography,Life Without a Recipe
Autobiography,A Heartbreaking Work of Staggering Genius
Parenting,Catastrophic Happiness: Finding Joy in Childhood's Messy Years
Adult Fiction,Fifty Shades Freed (Fifty Shades #3)
Humor,The Long Haul (Diary of a Wimpy Kid #9)
Humor,Old School (Diary of a Wimpy Kid #10)
Humor,I Know What I'm Doing -- and Other Lies I Tell Myself: Dispatches from a Life Under Construction
Humor,"Hyperbole and a Half: Unfortunate Situations, Flawed Coping Mechanisms, Mayhem, and Other Things That Happened"
Humor,Dress Your Family in Corduroy and Denim
Humor,Toddlers Are A**holes: It's Not Your Fault
Humor,When You Are Engulfed in Flames
Humor,Naked
Humor,"Lamb: The Gospel According to Biff, Christ's Childhood Pal"
Humor,Holidays on Ice
Horror,Security
Horror,Follow You Home
Horror,The Loney
Horror,Pet Sematary
Horror,Doctor Sleep (The Shining #2)
Horror,Psycho: Sanitarium (Psycho #1.5)
Horror,Can You Keep a Secret? (Fear Street Relaunch #4)
Horror,Red Dragon (Hannibal Lecter #1)
Horror,Dracula the Un-Dead
Horror,Night Shift (Night Shift #1-20)
Horror,Needful Things
Horror,Misery
Horror,It
Horror,'Salem's Lot
Horror,The Stand
Horror,The Girl with All the Gifts
Horror,House of Leaves
History,Sapiens: A Brief History of Humankind
History,"Unbound: How Eight Technologies Made Us Human, Transformed Society, and Brought Our World to the Brink"
History,The Age of Genius: The Seventeenth Century and the Birth of the Modern Mind
History,"Political Suicide: Missteps, Peccadilloes, Bad Calls, Backroom Hijinx, Sordid Pasts, Rotten Breaks, and Just Plain Dumb Mistakes in the Annals of American Politics"
History,Thomas Jefferson and the Tripoli Pirates: The Forgotten War That Changed American History
History,Zealot: The Life and Times of Jesus of Nazareth
History,A Distant Mirror: The Calamitous 14th Century
History,1491: New Revelations of the Americas Before Columbus
History,Brilliant Beacons: A History of the American Lighthouse
History,"""Most Blessed of the Patriarchs"": Thomas Jefferson and the Empire of the Imagination"
History,A Short History of Nearly Everything
History,The Rise and Fall of the Third Reich: A History of Nazi Germany
History,Catherine the Great: Portrait of a Woman
History,The Mathews Men: Seven Brothers and the War Against Hitler's U-boats
History,The Hiding Place
History,America's War for the Greater Middle East: A Military History
History,The Guns of August
History,"House of Lost Worlds: Dinosaurs, Dynasties, and the Story of Life on Earth"
Food and Drink,"Foolproof Preserving: A Guide to Small Batch Jams, Jellies, Pickles, Condiments, and More: A Foolproof Guide to Making Small Batch Jams, Jellies, Pickles, Condiments, and More"
Food and Drink,"The Pioneer Woman Cooks: Dinnertime: Comfort Classics, Freezer Food, 16-Minute Meals, and Other Delicious Ways to Solve Supper!"
Food and Drink,My Paris Kitchen: Recipes and Stories
Food and Drink,"Mama Tried: Traditional Italian Cooking for the Screwed, Crude, Vegan, and Tattooed"
Food and Drink,"Layered: Baking, Building, and Styling Spectacular Cakes"
Food and Drink,The Nerdy Nummies Cookbook: Sweet Treats for the Geek in All of Us
Food and Drink,The Love and Lemons Cookbook: An Apple-to-Zucchini Celebration of Impromptu Cooking
Food and Drink,The Cookies & Cups Cookbook: 125+ sweet & savory recipes reminding you to Always Eat Dessert First
Food and Drink,"Deliciously Ella Every Day: Quick and Easy Recipes for Gluten-Free Snacks, Packed Lunches, and Simple Meals"
Food and Drink,The Help Yourself Cookbook for Kids: 60 Easy Plant-Based Recipes Kids Can Make to Stay Healthy and Save the Earth
Food and Drink,"It's All Easy: Healthy, Delicious Weeknight Meals in under 30 Minutes"
Food and Drink,Barefoot Contessa Back to Basics
Food and Drink,Barefoot Contessa at Home: Everyday Recipes You'll Make Over and Over Again
Food and Drink,My Kitchen Year: 136 Recipes That Saved My Life
Food and Drink,Everyday Italian: 125 Simple and Delicious Recipes
Food and Drink,"A la Mode: 120 Recipes in 60 Pairings: Pies, Tarts, Cakes, Crisps, and More Topped with Ice Cream, Gelato, Frozen Custard, and More"
Food and Drink,Cravings: Recipes for What You Want to Eat
Food and Drink,"The Moosewood Cookbook: Recipes from Moosewood Restaurant, Ithaca, New York"
Food and Drink,32 Yolks
Food and Drink,"Naturally Lean: 125 Nourishing Gluten-Free, Plant-Based Recipes--All Under 300 Calories"
Food and Drink,How to Cook Everything Vegetarian: Simple Meatless Recipes for Great Food (How to Cook Everything)
Food and Drink,How to Be a Domestic Goddess: Baking and the Art of Comfort Cooking
Food and Drink,The Barefoot Contessa Cookbook
Food and Drink,Better Homes and Gardens New Cook Book
Food and Drink,The Power Greens Cookbook: 140 Delicious Superfood Recipes
Food and Drink,Mexican Today: New and Rediscovered Recipes for Contemporary Kitchens
Food and Drink,Vegan Vegetarian Omnivore: Dinner for Everyone at the Table
Food and Drink,The Smitten Kitchen Cookbook
Food and Drink,"The Art of Simple Food: Notes, Lessons, and Recipes from a Delicious Revolution"
Food and Drink,Hungry Girl Clean & Hungry: Easy All-Natural Recipes for Healthy Eating in the Real World
Christian Fiction,Redeeming Love
Christian Fiction,Close to You
Christian Fiction,Shadows of the Past (Logan Point #1)
Christian Fiction,Like Never Before (Walker Family #2)
Christian Fiction,Counted With the Stars (Out from Egypt #1)
Christian Fiction,If I Run (If I Run #1)
Business,The Dirty Little Secrets of Getting Your Dream Job
Business,The Third Wave: An Entrepreneurâs Vision of the Future
Business,The 10% Entrepreneur: Live Your Startup Dream Without Quitting Your Day Job
Business,Shoe Dog: A Memoir by the Creator of NIKE
Business,Made to Stick: Why Some Ideas Survive and Others Die
Business,Quench Your Own Thirst: Business Lessons Learned Over a Beer or Two
Business,The Art of Startup Fundraising
Business,Born for This: How to Find the Work You Were Meant to Do
Business,The E-Myth Revisited: Why Most Small Businesses Don't Work and What to Do About It
Business,"Rich Dad, Poor Dad"
Business,The Lean Startup: How Today's Entrepreneurs Use Continuous Innovation to Create Radically Successful Businesses
Business,Rework
Biography,Louisa: The Extraordinary Life of Mrs. Adams
Biography,"Setting the World on Fire: The Brief, Astonishing Life of St. Catherine of Siena"
Biography,The Faith of Christopher Hitchens: The Restless Soul of the World's Most Notorious Atheist
Biography,Benjamin Franklin: An American Life
Biography,The Rise of Theodore Roosevelt (Theodore Roosevelt #1)
Thriller,In Her Wake
Thriller,The Elephant Tree
Thriller,Behind Closed Doors
Thriller,You (You #1)
Thriller,The Guilty (Will Robie #4)
Thriller,The 14th Colony (Cotton Malone #11)
Thriller,Give It Back
Thriller,Killing Floor (Jack Reacher #1)
Thriller,The Bone Hunters (Lexy Vaughan & Steven Macaulay #2)
Thriller,Far From True (Promise Falls Trilogy #2)
Thriller,The Travelers
Contemporary,When We Collided
Contemporary,Someone Like You (The Harrisons #2)
Contemporary,We Are All Completely Beside Ourselves
Spirituality,The Four Agreements: A Practical Guide to Personal Freedom
Spirituality,The Activist's Tao Te Ching: Ancient Advice for a Modern Revolution
Spirituality,Chasing Heaven: What Dying Taught Me About Living
Spirituality,If I Gave You God's Phone Number....: Searching for Spirituality in America
Spirituality,Unreasonable Hope: Finding Faith in the God Who Brings Purpose to Your Pain
Spirituality,A New Earth: Awakening to Your Life's Purpose
Academic,Logan Kade (Fallen Crest High #5.5)
Self Help,Online Marketing for Busy Authors: A Step-By-Step Guide
Self Help,How to Be Miserable: 40 Strategies You Already Use
Self Help,"Overload: How to Unplug, Unwind, and Unleash Yourself from the Pressure of Stress"
Self Help,You Are a Badass: How to Stop Doubting Your Greatness and Start Living an Awesome Life
Self Help,How to Stop Worrying and Start Living
Historical,All the Light We Cannot See
Historical,The Girl You Left Behind (The Girl You Left Behind #1)
Christian,(Un)Qualified: How God Uses Broken People to Do Big Things
Christian,Crazy Love: Overwhelmed by a Relentless God
Christian,Blue Like Jazz: Nonreligious Thoughts on Christian Spirituality
Suspense,Silence in the Dark (Logan Point #4)
Short Stories,The Grownup
Novels,Suzie Snowflake: One beautiful flake (a self-esteem story)
Health,"The Bulletproof Diet: Lose up to a Pound a Day, Reclaim Energy and Focus, Upgrade Your Life"
Health,"Eat Fat, Get Thin"
Health,10-Day Green Smoothie Cleanse: Lose Up to 15 Pounds in 10 Days!
Health,The Art and Science of Low Carbohydrate Living
Politics,Libertarianism for Beginners
Politics,Why the Right Went Wrong: Conservatism--From Goldwater to the Tea Party and Beyond
Politics,Equal Is Unfair: America's Misguided Fight Against Income Inequality
Cultural,Amid the Chaos
Erotica,Dark Notes
Crime,The Long Shadow of Small Ghosts: Murder and Memory in an American City
