category,book_name,author,reason
Travel,Full Moon over Noahâs Ark: An Odyssey to Mount Ararat and Beyond,Unknown,Not found in Open Library or Books to Scrape
Travel,See America: A Celebration of Our National Parks & Treasured Sites,Unknown,Not found in Open Library or Books to Scrape
Travel,A Year in Provence (Provence #1),Unknown,Not found in Open Library or Books to Scrape
Travel,The Road to Little Dribbling: Adventures of an American in Britain (Notes From a Small Island #2),Unknown,Not found in Open Library or Books to Scrape
Travel,Neither Here nor There: Travels in Europe,Unknown,Not found in Open Library or Books to Scrape
Mystery,The Last Mile (Amos Decker #2),Unknown,Not found in Open Library or Books to Scrape
Mystery,That Darkness (Gardiner and Renner #1),Unknown,Not found in Open Library or Books to Scrape
Mystery,A Time of Torment (Charlie Parker #14),Unknown,Not found in Open Library or Books to Scrape
Mystery,A Study in Scarlet (Sherlock Holmes #1),Unknown,Not found in Open Library or Books to Scrape
Mystery,Poisonous (Max Revere Novels #3),Unknown,Not found in Open Library or Books to Scrape
Mystery,Murder at the 42nd Street Library (Raymond Ambler #1),Unknown,Not found in Open Library or Books to Scrape
Mystery,Hide Away (Eve Duncan #20),Unknown,Not found in Open Library or Books to Scrape
Mystery,The Bachelor Girl's Guide to Murder (Herringford and Watts Mysteries #1),Unknown,Not found in Open Library or Books to Scrape
Mystery,Delivering the Truth (Quaker Midwife Mystery #1),Unknown,Not found in Open Library or Books to Scrape
Mystery,The Mysterious Affair at Styles (Hercule Poirot #1),Unknown,Not found in Open Library or Books to Scrape
Mystery,In the Woods (Dublin Murder Squad #1),Unknown,Not found in Open Library or Books to Scrape
Mystery,The Silkworm (Cormoran Strike #2),Unknown,Not found in Open Library or Books to Scrape
Mystery,Extreme Prey (Lucas Davenport #26),Unknown,Not found in Open Library or Books to Scrape
Mystery,Career of Evil (Cormoran Strike #3),Unknown,Not found in Open Library or Books to Scrape
Mystery,The No. 1 Ladies' Detective Agency (No. 1 Ladies' Detective Agency #1),Unknown,Not found in Open Library or Books to Scrape
Mystery,The Girl In The Ice (DCI Erika Foster #1),Unknown,Not found in Open Library or Books to Scrape
Mystery,Blood Defense (Samantha Brinkman #1),Unknown,Not found in Open Library or Books to Scrape
Mystery,1st to Die (Women's Murder Club #1),Unknown,Not found in Open Library or Books to Scrape
Historical Fiction,Forever and Forever: The Courtship of Henry Longfellow and Fanny Appleton,Unknown,Not found in Open Library or Books to Scrape
Historical Fiction,A Flight of Arrows (The Pathfinders #2),Unknown,Not found in Open Library or Books to Scrape
Historical Fiction,Glory over Everything: Beyond The Kitchen House,Unknown,Not found in Open Library or Books to Scrape
Historical Fiction,World Without End (The Pillars of the Earth #2),Unknown,Not found in Open Library or Books to Scrape
Historical Fiction,Voyager (Outlander #3),Unknown,Not found in Open Library or Books to Scrape
Historical Fiction,A Spy's Devotion (The Regency Spies of London #1),Unknown,Not found in Open Library or Books to Scrape
Sequential Art,Scott Pilgrim's Precious Little Life (Scott Pilgrim #1),Unknown,Not found in Open Library or Books to Scrape
Sequential Art,Tsubasa: WoRLD CHRoNiCLE 2 (Tsubasa WoRLD CHRoNiCLE #2),Unknown,Not found in Open Library or Books to Scrape
Sequential Art,The Nameless City (The Nameless City #1),Unknown,Not found in Open Library or Books to Scrape
Sequential Art,"Saga, Volume 5 (Saga (Collected Editions) #5)",Unknown,Not found in Open Library or Books to Scrape
Sequential Art,"Rat Queens, Vol. 3: Demons (Rat Queens (Collected Editions) #11-15)",Unknown,Not found in Open Library or Books to Scrape
Sequential Art,"Princess Jellyfish 2-in-1 Omnibus, Vol. 01 (Princess Jellyfish 2-in-1 Omnibus #1)",Unknown,Not found in Open Library or Books to Scrape
Sequential Art,"Pop Gun War, Volume 1: Gift",Unknown,Not found in Open Library or Books to Scrape
Sequential Art,"Outcast, Vol. 1: A Darkness Surrounds Him (Outcast #1)",Unknown,Not found in Open Library or Books to Scrape
Sequential Art,orange: The Complete Collection 1 (orange: The Complete Collection #1),Unknown,Not found in Open Library or Books to Scrape
Sequential Art,"Lumberjanes, Vol. 1: Beware the Kitten Holy (Lumberjanes #1-4)",Unknown,Not found in Open Library or Books to Scrape
Sequential Art,Lumberjanes Vol. 3: A Terrible Plan (Lumberjanes #9-12),Unknown,Not found in Open Library or Books to Scrape
Sequential Art,"I Hate Fairyland, Vol. 1: Madly Ever After (I Hate Fairyland (Compilations) #1-5)",Unknown,Not found in Open Library or Books to Scrape
Sequential Art,I am a Hero Omnibus Volume 1,Unknown,Not found in Open Library or Books to Scrape
Sequential Art,"Giant Days, Vol. 2 (Giant Days #5-8)",Unknown,Not found in Open Library or Books to Scrape
Sequential Art,Danganronpa Volume 1,Unknown,Not found in Open Library or Books to Scrape
Sequential Art,"Codename Baboushka, Volume 1: The Conclave of Death",Unknown,Not found in Open Library or Books to Scrape
Sequential Art,"Bitch Planet, Vol. 1: Extraordinary Machine (Bitch Planet (Collected Editions))",Unknown,Not found in Open Library or Books to Scrape
Sequential Art,Batman: The Dark Knight Returns (Batman),Unknown,Not found in Open Library or Books to Scrape
Sequential Art,"We Are Robin, Vol. 1: The Vigilante Business (We Are Robin #1)",Unknown,Not found in Open Library or Books to Scrape
Sequential Art,"So Cute It Hurts!!, Vol. 6 (So Cute It Hurts!! #6)",Unknown,Not found in Open Library or Books to Scrape
Sequential Art,"Red Hood/Arsenal, Vol. 1: Open for Business (Red Hood/Arsenal #1)",Unknown,Not found in Open Library or Books to Scrape
Sequential Art,"Naruto (3-in-1 Edition), Vol. 14: Includes Vols. 40, 41 & 42 (Naruto: Omnibus #14)",Unknown,Not found in Open Library or Books to Scrape
Sequential Art,Lowriders to the Center of the Earth (Lowriders in Space #2),Unknown,Not found in Open Library or Books to Scrape
Sequential Art,Batman: Europa,Unknown,Not found in Open Library or Books to Scrape
Sequential Art,"Adulthood Is a Myth: A ""Sarah's Scribbles"" Collection",Unknown,Not found in Open Library or Books to Scrape
Sequential Art,"Fruits Basket, Vol. 9 (Fruits Basket #9)",Unknown,Not found in Open Library or Books to Scrape
Sequential Art,"Fruits Basket, Vol. 7 (Fruits Basket #7)",Unknown,Not found in Open Library or Books to Scrape
Sequential Art,"Fruits Basket, Vol. 6 (Fruits Basket #6)",Unknown,Not found in Open Library or Books to Scrape
Sequential Art,"Death Note, Vol. 6: Give-and-Take (Death Note #6)",Unknown,Not found in Open Library or Books to Scrape
Sequential Art,"Fruits Basket, Vol. 5 (Fruits Basket #5)",Unknown,Not found in Open Library or Books to Scrape
Sequential Art,"Death Note, Vol. 5: Whiteout (Death Note #5)",Unknown,Not found in Open Library or Books to Scrape
Sequential Art,"The Demon Prince of Momochi House, Vol. 4 (The Demon Prince of Momochi House #4)",Unknown,Not found in Open Library or Books to Scrape
Sequential Art,"Fruits Basket, Vol. 4 (Fruits Basket #4)",Unknown,Not found in Open Library or Books to Scrape
Sequential Art,"The Wicked + The Divine, Vol. 3: Commercial Suicide (The Wicked + The Divine)",Unknown,Not found in Open Library or Books to Scrape
Sequential Art,"The Sandman, Vol. 3: Dream Country (The Sandman (volumes) #3)",Unknown,Not found in Open Library or Books to Scrape
Sequential Art,"Saga, Volume 3 (Saga (Collected Editions) #3)",Unknown,Not found in Open Library or Books to Scrape
Sequential Art,Persepolis: The Story of a Childhood (Persepolis #1-2),Unknown,Not found in Open Library or Books to Scrape
Sequential Art,"Grayson, Vol 3: Nemesis (Grayson #3)",Unknown,Not found in Open Library or Books to Scrape
Sequential Art,"Fruits Basket, Vol. 3 (Fruits Basket #3)",Unknown,Not found in Open Library or Books to Scrape
Sequential Art,"Black Butler, Vol. 1 (Black Butler #1)",Unknown,Not found in Open Library or Books to Scrape
Sequential Art,"The Sandman, Vol. 2: The Doll's House (The Sandman (volumes) #2)",Unknown,Not found in Open Library or Books to Scrape
Sequential Art,"Fruits Basket, Vol. 2 (Fruits Basket #2)",Unknown,Not found in Open Library or Books to Scrape
Sequential Art,"Y: The Last Man, Vol. 1: Unmanned (Y: The Last Man #1)",Unknown,Not found in Open Library or Books to Scrape
Sequential Art,"The Wicked + The Divine, Vol. 1: The Faust Act (The Wicked + The Divine)",Unknown,Not found in Open Library or Books to Scrape
Sequential Art,"The Sandman, Vol. 1: Preludes and Nocturnes (The Sandman (volumes) #1)",Unknown,Not found in Open Library or Books to Scrape
Sequential Art,The Complete Maus (Maus #1-2),Unknown,Not found in Open Library or Books to Scrape
Sequential Art,"Skip Beat!, Vol. 01 (Skip Beat! #1)",Unknown,Not found in Open Library or Books to Scrape
Sequential Art,"Saga, Volume 1 (Saga (Collected Editions) #1)",Unknown,Not found in Open Library or Books to Scrape
Sequential Art,"Rat Queens, Vol. 1: Sass & Sorcery (Rat Queens (Collected Editions) #1-5)",Unknown,Not found in Open Library or Books to Scrape
Sequential Art,"Paper Girls, Vol. 1 (Paper Girls #1-5)",Unknown,Not found in Open Library or Books to Scrape
Sequential Art,"Ouran High School Host Club, Vol. 1 (Ouran High School Host Club #1)",Unknown,Not found in Open Library or Books to Scrape
Sequential Art,"Ms. Marvel, Vol. 1: No Normal (Ms. Marvel (2014-2015) #1)",Unknown,Not found in Open Library or Books to Scrape
Sequential Art,"Hawkeye, Vol. 1: My Life as a Weapon (Hawkeye #1)",Unknown,Not found in Open Library or Books to Scrape
Sequential Art,"Fruits Basket, Vol. 1 (Fruits Basket #1)",Unknown,Not found in Open Library or Books to Scrape
Sequential Art,"Bleach, Vol. 1: Strawberry and the Soul Reapers (Bleach #1)",Unknown,Not found in Open Library or Books to Scrape
Sequential Art,"Ajin: Demi-Human, Volume 1 (Ajin: Demi-Human #1)",Unknown,Not found in Open Library or Books to Scrape
Classics,The Metamorphosis,Unknown,Not found in Open Library or Books to Scrape
Classics,The Hound of the Baskervilles (Sherlock Holmes #5),Unknown,Not found in Open Library or Books to Scrape
Classics,The Complete Stories and Poems (The Works of Edgar Allan Poe [Cameo Edition]),Unknown,Not found in Open Library or Books to Scrape
Philosophy,The Death of Humanity: and the Case for Life,Unknown,Not found in Open Library or Books to Scrape
Philosophy,Proofs of God: Classical Arguments from Tertullian to Barth,Unknown,Not found in Open Library or Books to Scrape
Philosophy,Kierkegaard: A Christian Missionary to Christians,Unknown,Not found in Open Library or Books to Scrape
Philosophy,"At The Existentialist CafÃ©: Freedom, Being, and apricot cocktails with: Jean-Paul Sartre, Simone de Beauvoir, Albert Camus, Martin Heidegger, Edmund Husserl, Karl Jaspers, Maurice Merleau-Ponty and others",Unknown,Not found in Open Library or Books to Scrape
Philosophy,"Run, Spot, Run: The Ethics of Keeping Pets",Unknown,Not found in Open Library or Books to Scrape
Romance,Chase Me (Paris Nights #2),Unknown,Not found in Open Library or Books to Scrape
Romance,Her Backup Boyfriend (The Sorensen Family #1),Unknown,Not found in Open Library or Books to Scrape
Romance,First and First (Five Boroughs #3),Unknown,Not found in Open Library or Books to Scrape
Romance,Fifty Shades Darker (Fifty Shades #2),Unknown,Not found in Open Library or Books to Scrape
Romance,Suddenly in Love (Lake Haven #1),Unknown,Not found in Open Library or Books to Scrape
Romance,Doing It Over (Most Likely To #1),Unknown,Not found in Open Library or Books to Scrape
Romance,Hold Your Breath (Search and Rescue #1),Unknown,Not found in Open Library or Books to Scrape
Romance,Dirty (Dive Bar #1),Unknown,Not found in Open Library or Books to Scrape
Romance,Take Me Home Tonight (Rock Star Romance #3),Unknown,Not found in Open Library or Books to Scrape
Romance,Off the Hook (Fishing for Trouble #1),Unknown,Not found in Open Library or Books to Scrape
Romance,A Gentleman's Position (Society of Gentlemen #3),Unknown,Not found in Open Library or Books to Scrape
Romance,The Perfect Play (Play by Play #1),Unknown,Not found in Open Library or Books to Scrape
Romance,Dark Lover (Black Dagger Brotherhood #1),Unknown,Not found in Open Library or Books to Scrape
Romance,Changing the Game (Play by Play #2),Unknown,Not found in Open Library or Books to Scrape
Romance,The Purest Hook (Second Circle Tattoos #3),Unknown,Not found in Open Library or Books to Scrape
Romance,Where Lightning Strikes (Bleeding Stars #3),Unknown,Not found in Open Library or Books to Scrape
Romance,This One Moment (Pushing Limits #1),Unknown,Not found in Open Library or Books to Scrape
Romance,My Perfect Mistake (Over the Top #1),Unknown,Not found in Open Library or Books to Scrape
Romance,Fighting Fate (Fighting #6),Unknown,Not found in Open Library or Books to Scrape
Romance,Deep Under (Walker Security #1),Unknown,Not found in Open Library or Books to Scrape
Romance,Charity's Cross (Charles Towne Belles #4),Unknown,Not found in Open Library or Books to Scrape
Romance,Bounty (Colorado Mountain #7),Unknown,Not found in Open Library or Books to Scrape
Womens Fiction,I Had a Nice Time And Other Lies...: How to find love & sh*t like that,Unknown,Not found in Open Library or Books to Scrape
Womens Fiction,Grey (Fifty Shades #4),Unknown,Not found in Open Library or Books to Scrape
Womens Fiction,Shopaholic Ties the Knot (Shopaholic #3),Unknown,Not found in Open Library or Books to Scrape
Womens Fiction,The Devil Wears Prada (The Devil Wears Prada #1),Unknown,Not found in Open Library or Books to Scrape
Womens Fiction,Something Borrowed (Darcy & Rachel #1),Unknown,Not found in Open Library or Books to Scrape
Womens Fiction,Something Blue (Darcy & Rachel #2),Unknown,Not found in Open Library or Books to Scrape
Womens Fiction,The Edge of Reason (Bridget Jones #2),Unknown,Not found in Open Library or Books to Scrape
Womens Fiction,Bridget Jones's Diary (Bridget Jones #1),Unknown,Not found in Open Library or Books to Scrape
Fiction,The Murder That Never Was (Forensic Instincts #5),Unknown,Not found in Open Library or Books to Scrape
Fiction,Finders Keepers (Bill Hodges Trilogy #2),Unknown,Not found in Open Library or Books to Scrape
Fiction,Mr. Mercedes (Bill Hodges Trilogy #1),Unknown,Not found in Open Library or Books to Scrape
Fiction,I Am Pilgrim (Pilgrim #1),Unknown,Not found in Open Library or Books to Scrape
Fiction,Eligible (The Austen Project #4),Unknown,Not found in Open Library or Books to Scrape
Fiction,Cometh the Hour (The Clifton Chronicles #6),Unknown,Not found in Open Library or Books to Scrape
Fiction,A Man Called Ove,Unknown,Not found in Open Library or Books to Scrape
Fiction,The Bourne Identity (Jason Bourne #1),Unknown,Not found in Open Library or Books to Scrape
Fiction,Me Before You (Me Before You #1),Unknown,Not found in Open Library or Books to Scrape
Fiction,Last One Home (New Beginnings #1),Unknown,Not found in Open Library or Books to Scrape
Fiction,The Da Vinci Code (Robert Langdon #2),Unknown,Not found in Open Library or Books to Scrape
Fiction,Inferno (Robert Langdon #4),Unknown,Not found in Open Library or Books to Scrape
Fiction,Crazy Rich Asians (Crazy Rich Asians #1),Unknown,Not found in Open Library or Books to Scrape
Childrens,Birdsong: A Story in Pictures,Unknown,Not found in Open Library or Books to Scrape
Childrens,The White Cat and the Monk: A Retelling of the Poem âPangur BÃ¡nâ,Unknown,Not found in Open Library or Books to Scrape
Childrens,"Shrunken Treasures: Literary Classics, Short, Sweet, and Silly",Unknown,Not found in Open Library or Books to Scrape
Childrens,Maybe Something Beautiful: How Art Transformed a Neighborhood,Unknown,Not found in Open Library or Books to Scrape
Childrens,Diary of a Minecraft Zombie Book 1: A Scare of a Dare (An Unofficial Minecraft Book),Unknown,Not found in Open Library or Books to Scrape
Childrens,Charlie and the Chocolate Factory (Charlie Bucket #1),Unknown,Not found in Open Library or Books to Scrape
Religion,Choosing Our Religion: The Spiritual Lives of America's Nones,Unknown,Not found in Open Library or Books to Scrape
Nonfiction,Worlds Elsewhere: Journeys Around Shakespeareâs Globe,Unknown,Not found in Open Library or Books to Scrape
Nonfiction,The Five Love Languages: How to Express Heartfelt Commitment to Your Mate,Unknown,Not found in Open Library or Books to Scrape
Nonfiction,#HigherSelfie: Wake Up Your Life. Free Your Soul. Find Your Tribe.,Unknown,Not found in Open Library or Books to Scrape
Nonfiction,"Unseen City: The Majesty of Pigeons, the Discreet Charm of Snails & Other Wonders of the Urban Wilderness",Unknown,Not found in Open Library or Books to Scrape
Nonfiction,The Electric Pencil: Drawings from Inside State Hospital No. 3,Unknown,Not found in Open Library or Books to Scrape
Nonfiction,Spark Joy: An Illustrated Master Class on the Art of Organizing and Tidying Up,Unknown,Not found in Open Library or Books to Scrape
Nonfiction,Reskilling America: Learning to Labor in the Twenty-First Century,Unknown,Not found in Open Library or Books to Scrape
Nonfiction,In the Country We Love: My Family Divided,Unknown,Not found in Open Library or Books to Scrape
Nonfiction,Everydata: The Misinformation Hidden in the Little Data You Consume Every Day,Unknown,Not found in Open Library or Books to Scrape
Nonfiction,Call the Nurse: True Stories of a Country Nurse on a Scottish Isle,Unknown,Not found in Open Library or Books to Scrape
Nonfiction,The Artist's Way: A Spiritual Path to Higher Creativity,Unknown,Not found in Open Library or Books to Scrape
Nonfiction,Big Magic: Creative Living Beyond Fear,Unknown,Not found in Open Library or Books to Scrape
Nonfiction,Agnostic: A Spirited Manifesto,Unknown,Not found in Open Library or Books to Scrape
Nonfiction,Whole Lotta Creativity Going On: 60 Fun and Unusual Exercises to Awaken and Strengthen Your Creativity,Unknown,Not found in Open Library or Books to Scrape
Nonfiction,What's It Like in Space?: Stories from Astronauts Who've Been There,Unknown,Not found in Open Library or Books to Scrape
Nonfiction,The Literature Book (Big Ideas Simply Explained),Unknown,Not found in Open Library or Books to Scrape
Nonfiction,The Bad-Ass Librarians of Timbuktu: And Their Race to Save the Worldâs Most Precious Manuscripts,Unknown,Not found in Open Library or Books to Scrape
Nonfiction,Swell: A Year of Waves,Unknown,Not found in Open Library or Books to Scrape
Nonfiction,No Dream Is Too High: Life Lessons From a Man Who Walked on the Moon,Unknown,Not found in Open Library or Books to Scrape
Nonfiction,Let It Out: A Journey Through Journaling,Unknown,Not found in Open Library or Books to Scrape
Nonfiction,"Far & Away: Places on the Brink of Change: Seven Continents, Twenty-Five Years",Unknown,Not found in Open Library or Books to Scrape
Nonfiction,"Eaternity: More than 150 Deliciously Easy Vegan Recipes for a Long, Healthy, Satisfied, Joyful Life",Unknown,Not found in Open Library or Books to Scrape
Nonfiction,Buying In: The Secret Dialogue Between What We Buy and Who We Are,Unknown,Not found in Open Library or Books to Scrape
Nonfiction,The Lonely City: Adventures in the Art of Being Alone,Unknown,Not found in Open Library or Books to Scrape
Nonfiction,Snatched: How A Drug Queen Went Undercover for the DEA and Was Kidnapped By Colombian Guerillas,Unknown,Not found in Open Library or Books to Scrape
Nonfiction,Furiously Happy: A Funny Book About Horrible Things,Unknown,Not found in Open Library or Books to Scrape
Nonfiction,"The Sleep Revolution: Transforming Your Life, One Night at a Time",Unknown,Not found in Open Library or Books to Scrape
Nonfiction,A Mother's Reckoning: Living in the Aftermath of Tragedy,Unknown,Not found in Open Library or Books to Scrape
Nonfiction,"10% Happier: How I Tamed the Voice in My Head, Reduced Stress Without Losing My Edge, and Found Self-Help That Actually Works",Unknown,Not found in Open Library or Books to Scrape
Nonfiction,Chernobyl 01:23:40: The Incredible True Story of the World's Worst Nuclear Disaster,Unknown,Not found in Open Library or Books to Scrape
Nonfiction,"The Midnight Assassin: Panic, Scandal, and the Hunt for America's First Serial Killer",Unknown,Not found in Open Library or Books to Scrape
Nonfiction,Brazen: The Courage to Find the You That's Been Hiding,Unknown,Not found in Open Library or Books to Scrape
Nonfiction,"A Murder Over a Girl: Justice, Gender, Junior High",Unknown,Not found in Open Library or Books to Scrape
Nonfiction,For the Love: Fighting for Grace in a World of Impossible Standards,Unknown,Not found in Open Library or Books to Scrape
Nonfiction,Finding God in the Ruins: How God Redeems Pain,Unknown,Not found in Open Library or Books to Scrape
Nonfiction,Why Save the Bankers?: And Other Essays on Our Economic and Political Crisis,Unknown,Not found in Open Library or Books to Scrape
Nonfiction,Talking to Girls About Duran Duran: One Young Man's Quest for True Love and a Cooler Haircut,Unknown,Not found in Open Library or Books to Scrape
Nonfiction,"Data, A Love Story: How I Gamed Online Dating to Meet My Match",Unknown,Not found in Open Library or Books to Scrape
Nonfiction,The Geography of Bliss: One Grump's Search for the Happiest Places in the World,Unknown,Not found in Open Library or Books to Scrape
Nonfiction,God Is Not Great: How Religion Poisons Everything,Unknown,Not found in Open Library or Books to Scrape
Nonfiction,Very Good Lives: The Fringe Benefits of Failure and the Importance of Imagination,Unknown,Not found in Open Library or Books to Scrape
Nonfiction,"Trespassing Across America: One Man's Epic, Never-Done-Before (and Sort of Illegal) Hike Across the Heartland",Unknown,Not found in Open Library or Books to Scrape
Nonfiction,Spilled Milk: Based on a True Story,Unknown,Not found in Open Library or Books to Scrape
Nonfiction,Notes from a Small Island (Notes From a Small Island #1),Unknown,Not found in Open Library or Books to Scrape
Nonfiction,"Miracles from Heaven: A Little Girl, Her Journey to Heaven, and Her Amazing Story of Healing",Unknown,Not found in Open Library or Books to Scrape
Nonfiction,Let's Pretend This Never Happened: A Mostly True Memoir,Unknown,Not found in Open Library or Books to Scrape
Nonfiction,It's Never Too Late to Begin Again: Discovering Creativity and Meaning at Midlife and Beyond,Unknown,Not found in Open Library or Books to Scrape
Nonfiction,Disrupted: My Misadventure in the Start-Up Bubble,Unknown,Not found in Open Library or Books to Scrape
Nonfiction,"Born to Run: A Hidden Tribe, Superathletes, and the Greatest Race the World Has Never Seen",Unknown,Not found in Open Library or Books to Scrape
Nonfiction,Blink: The Power of Thinking Without Thinking,Unknown,Not found in Open Library or Books to Scrape
Nonfiction,A Walk in the Woods: Rediscovering America on the Appalachian Trail,Unknown,Not found in Open Library or Books to Scrape
Nonfiction,"The Suffragettes (Little Black Classics, #96)",Unknown,Not found in Open Library or Books to Scrape
Nonfiction,Travels with Charley: In Search of America,Unknown,Not found in Open Library or Books to Scrape
Nonfiction,The End of the Jesus Era (An Investigation #1),Unknown,Not found in Open Library or Books to Scrape
Music,"Our Band Could Be Your Life: Scenes from the American Indie Underground, 1981-1991",Unknown,Not found in Open Library or Books to Scrape
Music,Please Kill Me: The Uncensored Oral History of Punk,Unknown,Not found in Open Library or Books to Scrape
Music,This Is Your Brain on Music: The Science of a Human Obsession,Unknown,Not found in Open Library or Books to Scrape
Music,"Orchestra of Exiles: The Story of Bronislaw Huberman, the Israel Philharmonic, and the One Thousand Jews He Saved from Nazi Horrors",Unknown,Not found in Open Library or Books to Scrape
Music,Forever Rockers (The Rocker #12),Unknown,Not found in Open Library or Books to Scrape
Default,"The Coming Woman: A Novel Based on the Life of the Infamous Feminist, Victoria Woodhull",Unknown,Not found in Open Library or Books to Scrape
Default,"Starving Hearts (Triangular Trade Trilogy, #1)",Unknown,Not found in Open Library or Books to Scrape
Default,"The Inefficiency Assassin: Time Management Tactics for Working Smarter, Not Longer",Unknown,Not found in Open Library or Books to Scrape
Default,A World of Flavor: Your Gluten Free Passport,Unknown,Not found in Open Library or Books to Scrape
Default,"A Piece of Sky, a Grain of Rice: A Memoir in Four Meditations",Unknown,Not found in Open Library or Books to Scrape
Default,The Psychopath Test: A Journey Through the Madness Industry,Unknown,Not found in Open Library or Books to Scrape
Default,The Bridge to Consciousness: I'm Writing the Bridge Between Science and Our Old and New Beliefs.,Unknown,Not found in Open Library or Books to Scrape
Default,Secrets and Lace (Fatal Hearts #1),Unknown,Not found in Open Library or Books to Scrape
Default,Romero and Juliet: A Tragic Tale of Love and Zombies,Unknown,Not found in Open Library or Books to Scrape
Default,Poses for Artists Volume 1 - Dynamic and Sitting Poses: An Essential Reference for Figure Drawing and the Human Form,Unknown,Not found in Open Library or Books to Scrape
Default,Miss Peregrineâs Home for Peculiar Children (Miss Peregrineâs Peculiar Children #1),Unknown,Not found in Open Library or Books to Scrape
Default,Large Print Heart of the Pride,Unknown,Not found in Open Library or Books to Scrape
Default,First Steps for New Christians (Print Edition),Unknown,Not found in Open Library or Books to Scrape
Default,Eureka Trivia 6.0,Unknown,Not found in Open Library or Books to Scrape
Default,Drive: The Surprising Truth About What Motivates Us,Unknown,Not found in Open Library or Books to Scrape
Default,Beauty Restored (Riley Family Legacy Novellas #3),Unknown,Not found in Open Library or Books to Scrape
Default,V for Vendetta (V for Vendetta Complete),Unknown,Not found in Open Library or Books to Scrape
Default,The Rosie Project (Don Tillman #1),Unknown,Not found in Open Library or Books to Scrape
Default,The Power of Habit: Why We Do What We Do in Life and Business,Unknown,Not found in Open Library or Books to Scrape
Default,"Living Leadership by Insight: A Good Leader Achieves, a Great Leader Builds Monuments",Unknown,Not found in Open Library or Books to Scrape
Default,Lady Midnight (The Dark Artifices #1),Unknown,Not found in Open Library or Books to Scrape
Default,"Hush, Hush (Hush, Hush #1)",Unknown,Not found in Open Library or Books to Scrape
Default,Clockwork Angel (The Infernal Devices #1),Unknown,Not found in Open Library or Books to Scrape
Default,City of Fallen Angels (The Mortal Instruments #4),Unknown,Not found in Open Library or Books to Scrape
Default,City of Bones (The Mortal Instruments #1),Unknown,Not found in Open Library or Books to Scrape
Default,City of Ashes (The Mortal Instruments #2),Unknown,Not found in Open Library or Books to Scrape
Default,Angels & Demons (Robert Langdon #1),Unknown,Not found in Open Library or Books to Scrape
Default,How to Speak Golf: An Illustrated Guide to Links Lingo,Unknown,Not found in Open Library or Books to Scrape
Default,Troublemaker: Surviving Hollywood and Scientology,Unknown,Not found in Open Library or Books to Scrape
Default,The New Brand You: Your New Image Makes the Sale for You,Unknown,Not found in Open Library or Books to Scrape
Default,"NaNo What Now? Finding your editing process, revising your NaNoWriMo book and building a writing career through publishing and beyond",Unknown,Not found in Open Library or Books to Scrape
Default,The Unlikely Pilgrimage of Harold Fry (Harold Fry #1),Unknown,Not found in Open Library or Books to Scrape
Default,The Martian (The Martian #1),Unknown,Not found in Open Library or Books to Scrape
Default,John Vassos: Industrial Design for Modern Life,Unknown,Not found in Open Library or Books to Scrape
Default,Ender's Game (The Ender Quintet #1),Unknown,Not found in Open Library or Books to Scrape
Default,Wildlife of New York: A Five-Borough Coloring Book,Unknown,Not found in Open Library or Books to Scrape
Default,The Year of Living Biblically: One Man's Humble Quest to Follow the Bible as Literally as Possible,Unknown,Not found in Open Library or Books to Scrape
Default,The Fellowship of the Ring (The Lord of the Rings #1),Unknown,Not found in Open Library or Books to Scrape
Default,Ship Leaves Harbor: Essays on Travel by a Recovering Journeyman,Unknown,Not found in Open Library or Books to Scrape
Default,What If?: Serious Scientific Answers to Absurd Hypothetical Questions,Unknown,Not found in Open Library or Books to Scrape
Default,Shiver (The Wolves of Mercy Falls #1),Unknown,Not found in Open Library or Books to Scrape
Default,If I Stay (If I Stay #1),Unknown,Not found in Open Library or Books to Scrape
Default,I Know Why the Caged Bird Sings (Maya Angelou's Autobiography #1),Unknown,Not found in Open Library or Books to Scrape
Default,Harry Potter and the Deathly Hallows (Harry Potter #7),Unknown,Not found in Open Library or Books to Scrape
Default,"Blue Lily, Lily Blue (The Raven Cycle #3)",Unknown,Not found in Open Library or Books to Scrape
Default,Vogue Colors A to Z: A Fashion Coloring Book,Unknown,Not found in Open Library or Books to Scrape
Default,The Shining (The Shining #1),Unknown,Not found in Open Library or Books to Scrape
Default,The Hunger Games (The Hunger Games #1),Unknown,Not found in Open Library or Books to Scrape
Default,Outlander (Outlander #1),Unknown,Not found in Open Library or Books to Scrape
Default,Mockingjay (The Hunger Games #3),Unknown,Not found in Open Library or Books to Scrape
Default,Harry Potter and the Sorcerer's Stone (Harry Potter #1),Unknown,Not found in Open Library or Books to Scrape
Default,Confessions of a Shopaholic (Shopaholic #1),Unknown,Not found in Open Library or Books to Scrape
Default,Zero History (Blue Ant #3),Unknown,Not found in Open Library or Books to Scrape
Default,The Maze Runner (The Maze Runner #1),Unknown,Not found in Open Library or Books to Scrape
Default,The Giver (The Giver Quartet #1),Unknown,Not found in Open Library or Books to Scrape
Default,The Girl Who Played with Fire (Millennium Trilogy #2),Unknown,Not found in Open Library or Books to Scrape
Default,The Demon-Haunted World: Science as a Candle in the Dark,Unknown,Not found in Open Library or Books to Scrape
Default,Shopaholic & Baby (Shopaholic #5),Unknown,Not found in Open Library or Books to Scrape
Default,Packing for Mars: The Curious Science of Life in the Void,Unknown,Not found in Open Library or Books to Scrape
Default,One for the Money (Stephanie Plum #1),Unknown,Not found in Open Library or Books to Scrape
Default,Morning Star (Red Rising #3),Unknown,Not found in Open Library or Books to Scrape
Default,Dead Wake: The Last Crossing of the Lusitania,Unknown,Not found in Open Library or Books to Scrape
Default,"David and Goliath: Underdogs, Misfits, and the Art of Battling Giants",Unknown,Not found in Open Library or Books to Scrape
Default,Breaking Dawn (Twilight #4),Unknown,Not found in Open Library or Books to Scrape
Default,Beautiful Creatures (Caster Chronicles #1),Unknown,Not found in Open Library or Books to Scrape
Default,The Name of the Wind (The Kingkiller Chronicle #1),Unknown,Not found in Open Library or Books to Scrape
Default,Taking Shots (Assassins #1),Unknown,Not found in Open Library or Books to Scrape
Default,Shatter Me (Shatter Me #1),Unknown,Not found in Open Library or Books to Scrape
Default,Paradise Lost (Paradise #1),Unknown,Not found in Open Library or Books to Scrape
Default,On the Road (Duluoz Legend),Unknown,Not found in Open Library or Books to Scrape
Science Fiction,Mesaerion: The Best Science Fiction Stories 1800-1849,Unknown,Not found in Open Library or Books to Scrape
Science Fiction,"William Shakespeare's Star Wars: Verily, A New Hope (William Shakespeare's Star Wars #4)",Unknown,Not found in Open Library or Books to Scrape
Science Fiction,Sleeping Giants (Themis Files #1),Unknown,Not found in Open Library or Books to Scrape
Science Fiction,Foundation (Foundation (Publication Order) #1),Unknown,Not found in Open Library or Books to Scrape
Science Fiction,The Restaurant at the End of the Universe (Hitchhiker's Guide to the Galaxy #2),Unknown,Not found in Open Library or Books to Scrape
Science Fiction,"Life, the Universe and Everything (Hitchhiker's Guide to the Galaxy #3)",Unknown,Not found in Open Library or Books to Scrape
Science Fiction,Do Androids Dream of Electric Sheep? (Blade Runner #1),Unknown,Not found in Open Library or Books to Scrape
Science Fiction,Three Wishes (River of Time: California #1),Unknown,Not found in Open Library or Books to Scrape
Science Fiction,The Last Girl (The Dominion Trilogy #1),Unknown,Not found in Open Library or Books to Scrape
Science Fiction,Having the Barbarian's Baby (Ice Planet Barbarians #7.5),Unknown,Not found in Open Library or Books to Scrape
Sports and Games,The Book of Basketball: The NBA According to The Sports Guy,Unknown,Not found in Open Library or Books to Scrape
Sports and Games,"Friday Night Lights: A Town, a Team, and a Dream",Unknown,Not found in Open Library or Books to Scrape
Sports and Games,Sugar Rush (Offensive Line #2),Unknown,Not found in Open Library or Books to Scrape
Sports and Games,Settling the Score (The Summer Games #1),Unknown,Not found in Open Library or Books to Scrape
Add a comment,"The Mindfulness and Acceptance Workbook for Anxiety: A Guide to Breaking Free from Anxiety, Phobias, and Worry Using Acceptance and Commitment Therapy",Unknown,Not found in Open Library or Books to Scrape
Add a comment,Judo: Seven Steps to Black Belt (an Introductory Guide for Beginners),Unknown,Not found in Open Library or Books to Scrape
Add a comment,"Shobu Samurai, Project Aryoku (#3)",Unknown,Not found in Open Library or Books to Scrape
Add a comment,The White Queen (The Cousins' War #1),Unknown,Not found in Open Library or Books to Scrape
Add a comment,More Than Music (Chasing the Dream #1),Unknown,Not found in Open Library or Books to Scrape
Add a comment,Code Name Verity (Code Name Verity #1),Unknown,Not found in Open Library or Books to Scrape
Add a comment,Angels Walking (Angels Walking #1),Unknown,Not found in Open Library or Books to Scrape
Add a comment,"A Series of Catastrophes and Miracles: A True Story of Love, Science, and Cancer",Unknown,Not found in Open Library or Books to Scrape
Add a comment,The Gray Rhino: How to Recognize and Act on the Obvious Dangers We Ignore,Unknown,Not found in Open Library or Books to Scrape
Add a comment,One with You (Crossfire #5),Unknown,Not found in Open Library or Books to Scrape
Add a comment,A Hero's Curse (The Unseen Chronicles #1),Unknown,Not found in Open Library or Books to Scrape
Add a comment,23 Degrees South: A Tropical Tale of Changing Whether...,Unknown,Not found in Open Library or Books to Scrape
Add a comment,Team of Rivals: The Political Genius of Abraham Lincoln,Unknown,Not found in Open Library or Books to Scrape
Add a comment,Good in Bed (Cannie Shapiro #1),Unknown,Not found in Open Library or Books to Scrape
Add a comment,The Golden Compass (His Dark Materials #1),Unknown,Not found in Open Library or Books to Scrape
Add a comment,Fun Home: A Family Tragicomic,Unknown,Not found in Open Library or Books to Scrape
Add a comment,The Raven King (The Raven Cycle #4),Unknown,Not found in Open Library or Books to Scrape
Add a comment,Find Her (Detective D.D. Warren #8),Unknown,Not found in Open Library or Books to Scrape
Add a comment,Evicted: Poverty and Profit in the American City,Unknown,Not found in Open Library or Books to Scrape
Add a comment,A Game of Thrones (A Song of Ice and Fire #1),Unknown,Not found in Open Library or Books to Scrape
Add a comment,A Clash of Kings (A Song of Ice and Fire #2),Unknown,Not found in Open Library or Books to Scrape
Add a comment,The Tipping Point: How Little Things Can Make a Big Difference,Unknown,Not found in Open Library or Books to Scrape
Add a comment,The Rest Is Noise: Listening to the Twentieth Century,Unknown,Not found in Open Library or Books to Scrape
Add a comment,The Hitchhiker's Guide to the Galaxy (Hitchhiker's Guide to the Galaxy #1),Unknown,Not found in Open Library or Books to Scrape
Add a comment,The Girl Who Kicked the Hornet's Nest (Millennium Trilogy #3),Unknown,Not found in Open Library or Books to Scrape
Add a comment,"The End of Faith: Religion, Terror, and the Future of Reason",Unknown,Not found in Open Library or Books to Scrape
Add a comment,The Blind Side: Evolution of a Game,Unknown,Not found in Open Library or Books to Scrape
Add a comment,Rogue Lawyer (Rogue Lawyer #1),Unknown,Not found in Open Library or Books to Scrape
Add a comment,Fire Bound (Sea Haven/Sisters of the Heart #5),Unknown,Not found in Open Library or Books to Scrape
Fantasy,"Saga, Volume 6 (Saga (Collected Editions) #6)",Unknown,Not found in Open Library or Books to Scrape
Fantasy,Princess Between Worlds (Wide-Awake Princess #5),Unknown,Not found in Open Library or Books to Scrape
Fantasy,Crown of Midnight (Throne of Glass #2),Unknown,Not found in Open Library or Books to Scrape
Fantasy,"Avatar: The Last Airbender: Smoke and Shadow, Part 3 (Smoke and Shadow #3)",Unknown,Not found in Open Library or Books to Scrape
Fantasy,Throne of Glass (Throne of Glass #1),Unknown,Not found in Open Library or Books to Scrape
Fantasy,The Glittering Court (The Glittering Court #1),Unknown,Not found in Open Library or Books to Scrape
Fantasy,Hollow City (Miss Peregrineâs Peculiar Children #2),Unknown,Not found in Open Library or Books to Scrape
Fantasy,The Hidden Oracle (The Trials of Apollo #1),Unknown,Not found in Open Library or Books to Scrape
Fantasy,Island of Dragons (Unwanteds #7),Unknown,Not found in Open Library or Books to Scrape
Fantasy,Demigods & Magicians: Percy and Annabeth Meet the Kanes (Percy Jackson & Kane Chronicles Crossover #1-3),Unknown,Not found in Open Library or Books to Scrape
Fantasy,City of Glass (The Mortal Instruments #3),Unknown,Not found in Open Library or Books to Scrape
Fantasy,A Shard of Ice (The Black Symphony Saga #1),Unknown,Not found in Open Library or Books to Scrape
Fantasy,Every Heart a Doorway (Every Heart A Doorway #1),Unknown,Not found in Open Library or Books to Scrape
Fantasy,A Gathering of Shadows (Shades of Magic #2),Unknown,Not found in Open Library or Books to Scrape
Fantasy,The Raven Boys (The Raven Cycle #1),Unknown,Not found in Open Library or Books to Scrape
Fantasy,The False Prince (The Ascendance Trilogy #1),Unknown,Not found in Open Library or Books to Scrape
Fantasy,A Feast for Crows (A Song of Ice and Fire #4),Unknown,Not found in Open Library or Books to Scrape
Fantasy,The Demonists (Demonist #1),Unknown,Not found in Open Library or Books to Scrape
Fantasy,The Beast (Black Dagger Brotherhood #14),Unknown,Not found in Open Library or Books to Scrape
Fantasy,Harry Potter and the Order of the Phoenix (Harry Potter #5),Unknown,Not found in Open Library or Books to Scrape
Fantasy,Harry Potter and the Half-Blood Prince (Harry Potter #6),Unknown,Not found in Open Library or Books to Scrape
Fantasy,Harry Potter and the Chamber of Secrets (Harry Potter #2),Unknown,Not found in Open Library or Books to Scrape
Fantasy,Soldier (Talon #3),Unknown,Not found in Open Library or Books to Scrape
Fantasy,Midnight Riot (Peter Grant/ Rivers of London - books #1),Unknown,Not found in Open Library or Books to Scrape
Fantasy,Eragon (The Inheritance Cycle #1),Unknown,Not found in Open Library or Books to Scrape
Fantasy,Darkfever (Fever #1),Unknown,Not found in Open Library or Books to Scrape
Fantasy,A Storm of Swords (A Song of Ice and Fire #3),Unknown,Not found in Open Library or Books to Scrape
Fantasy,The Silent Twin (Detective Jennifer Knight #3),Unknown,Not found in Open Library or Books to Scrape
Fantasy,The Mirror & the Maze (The Wrath and the Dawn #1.5),Unknown,Not found in Open Library or Books to Scrape
Fantasy,Sister Sable (The Mad Queen #1),Unknown,Not found in Open Library or Books to Scrape
Fantasy,Shadow Rites (Jane Yellowrock #10),Unknown,Not found in Open Library or Books to Scrape
Fantasy,Origins (Alphas 0.5),Unknown,Not found in Open Library or Books to Scrape
Fantasy,One Second (Seven #7),Unknown,Not found in Open Library or Books to Scrape
Fantasy,Myriad (Prentor #1),Unknown,Not found in Open Library or Books to Scrape
New Adult,Without Borders (Wanderlove #1),Unknown,Not found in Open Library or Books to Scrape
New Adult,The Mistake (Off-Campus #2),Unknown,Not found in Open Library or Books to Scrape
New Adult,The Matchmaker's Playbook (Wingmen Inc. #1),Unknown,Not found in Open Library or Books to Scrape
New Adult,The Hook Up (Game On #1),Unknown,Not found in Open Library or Books to Scrape
New Adult,Off Sides (Off #1),Unknown,Not found in Open Library or Books to Scrape
Young Adult,The Natural History of Us (The Fine Art of Pretending #2),Unknown,Not found in Open Library or Books to Scrape
Young Adult,Obsidian (Lux #1),Unknown,Not found in Open Library or Books to Scrape
Young Adult,Library of Souls (Miss Peregrineâs Peculiar Children #3),Unknown,Not found in Open Library or Books to Scrape
Young Adult,Until Friday Night (The Field Party #1),Unknown,Not found in Open Library or Books to Scrape
Young Adult,Catching Jordan (Hundred Oaks),Unknown,Not found in Open Library or Books to Scrape
Young Adult,Aristotle and Dante Discover the Secrets of the Universe (Aristotle and Dante Discover the Secrets of the Universe #1),Unknown,Not found in Open Library or Books to Scrape
Young Adult,The Epidemic (The Program 0.6),Unknown,Not found in Open Library or Books to Scrape
Young Adult,Stars Above (The Lunar Chronicles #4.5),Unknown,Not found in Open Library or Books to Scrape
Young Adult,Future Shock (Future Shock #1),Unknown,Not found in Open Library or Books to Scrape
Young Adult,Nightstruck: A Novel,Unknown,Not found in Open Library or Books to Scrape
Young Adult,Where She Went (If I Stay #2),Unknown,Not found in Open Library or Books to Scrape
Young Adult,Lola and the Boy Next Door (Anna and the French Kiss #2),Unknown,Not found in Open Library or Books to Scrape
Young Adult,Isla and the Happily Ever After (Anna and the French Kiss #3),Unknown,Not found in Open Library or Books to Scrape
Young Adult,Walk the Edge (Thunder Road #2),Unknown,Not found in Open Library or Books to Scrape
Young Adult,Scarlet (The Lunar Chronicles #2),Unknown,Not found in Open Library or Books to Scrape
Young Adult,Golden (Heart of Dread #3),Unknown,Not found in Open Library or Books to Scrape
Young Adult,Cinder (The Lunar Chronicles #1),Unknown,Not found in Open Library or Books to Scrape
Young Adult,New Moon (Twilight #2),Unknown,Not found in Open Library or Books to Scrape
Young Adult,Girl Online On Tour (Girl Online #2),Unknown,Not found in Open Library or Books to Scrape
Science,The Most Perfect Thing: Inside (and Outside) a Bird's Egg,Unknown,Not found in Open Library or Books to Scrape
Science,Sorting the Beef from the Bull: The Science of Food Fraud Forensics,Unknown,Not found in Open Library or Books to Scrape
Science,Tipping Point for Planet Earth: How Close Are We to the Edge?,Unknown,Not found in Open Library or Books to Scrape
Science,"The Fabric of the Cosmos: Space, Time, and the Texture of Reality",Unknown,Not found in Open Library or Books to Scrape
Science,Diary of a Citizen Scientist: Chasing Tiger Beetles and Other New Ways of Engaging the World,Unknown,Not found in Open Library or Books to Scrape
Science,"The Elegant Universe: Superstrings, Hidden Dimensions, and the Quest for the Ultimate Theory",Unknown,Not found in Open Library or Books to Scrape
Science,"Surely You're Joking, Mr. Feynman!: Adventures of a Curious Character",Unknown,Not found in Open Library or Books to Scrape
Poetry,You can't bury them all: Poems,Unknown,Not found in Open Library or Books to Scrape
Poetry,Slow States of Collapse: Poems,Unknown,Not found in Open Library or Books to Scrape
Poetry,Untitled Collection: Sabbath Poems 2014,Unknown,Not found in Open Library or Books to Scrape
Poetry,"Quarter Life Poetry: Poems for the Young, Broke and Hangry",Unknown,Not found in Open Library or Books to Scrape
Poetry,Leave This Song Behind: Teen Poetry at Its Best,Unknown,Not found in Open Library or Books to Scrape
Paranormal,"Vampire Knight, Vol. 1 (Vampire Knight #1)",Unknown,Not found in Open Library or Books to Scrape
Art,Feathers: Displays of Brilliant Plumage,Unknown,Not found in Open Library or Books to Scrape
Psychology,The Lucifer Effect: Understanding How Good People Turn Evil,Unknown,Not found in Open Library or Books to Scrape
Psychology,The Golden Condom: And Other Essays on Love Lost and Found,Unknown,Not found in Open Library or Books to Scrape
Psychology,It Didn't Start with You: How Inherited Family Trauma Shapes Who We Are and How to End the Cycle,Unknown,Not found in Open Library or Books to Scrape
Psychology,An Unquiet Mind: A Memoir of Moods and Madness,Unknown,Not found in Open Library or Books to Scrape
Autobiography,Approval Junkie: Adventures in Caring Too Much,Unknown,Not found in Open Library or Books to Scrape
Parenting,Catastrophic Happiness: Finding Joy in Childhood's Messy Years,Unknown,Not found in Open Library or Books to Scrape
Humor,The Long Haul (Diary of a Wimpy Kid #9),Unknown,Not found in Open Library or Books to Scrape
Humor,Old School (Diary of a Wimpy Kid #10),Unknown,Not found in Open Library or Books to Scrape
Humor,I Know What I'm Doing -- and Other Lies I Tell Myself: Dispatches from a Life Under Construction,Unknown,Not found in Open Library or Books to Scrape
Humor,"Hyperbole and a Half: Unfortunate Situations, Flawed Coping Mechanisms, Mayhem, and Other Things That Happened",Unknown,Not found in Open Library or Books to Scrape
Humor,Toddlers Are A**holes: It's Not Your Fault,Unknown,Not found in Open Library or Books to Scrape
Horror,Doctor Sleep (The Shining #2),Unknown,Not found in Open Library or Books to Scrape
Horror,Can You Keep a Secret? (Fear Street Relaunch #4),Unknown,Not found in Open Library or Books to Scrape
Horror,Red Dragon (Hannibal Lecter #1),Unknown,Not found in Open Library or Books to Scrape
Horror,Night Shift (Night Shift #1-20),Unknown,Not found in Open Library or Books to Scrape
History,"Unbound: How Eight Technologies Made Us Human, Transformed Society, and Brought Our World to the Brink",Unknown,Not found in Open Library or Books to Scrape
History,"Political Suicide: Missteps, Peccadilloes, Bad Calls, Backroom Hijinx, Sordid Pasts, Rotten Breaks, and Just Plain Dumb Mistakes in the Annals of American Politics",Unknown,Not found in Open Library or Books to Scrape
History,A Distant Mirror: The Calamitous 14th Century,Unknown,Not found in Open Library or Books to Scrape
History,1491: New Revelations of the Americas Before Columbus,Unknown,Not found in Open Library or Books to Scrape
History,Brilliant Beacons: A History of the American Lighthouse,Unknown,Not found in Open Library or Books to Scrape
History,"""Most Blessed of the Patriarchs"": Thomas Jefferson and the Empire of the Imagination",Unknown,Not found in Open Library or Books to Scrape
History,The Mathews Men: Seven Brothers and the War Against Hitler's U-boats,Unknown,Not found in Open Library or Books to Scrape
Food and Drink,"Foolproof Preserving: A Guide to Small Batch Jams, Jellies, Pickles, Condiments, and More: A Foolproof Guide to Making Small Batch Jams, Jellies, Pickles, Condiments, and More",Unknown,Not found in Open Library or Books to Scrape
Food and Drink,My Paris Kitchen: Recipes and Stories,Unknown,Not found in Open Library or Books to Scrape
Food and Drink,"Mama Tried: Traditional Italian Cooking for the Screwed, Crude, Vegan, and Tattooed",Unknown,Not found in Open Library or Books to Scrape
Food and Drink,"Layered: Baking, Building, and Styling Spectacular Cakes",Unknown,Not found in Open Library or Books to Scrape
Food and Drink,The Nerdy Nummies Cookbook: Sweet Treats for the Geek in All of Us,Unknown,Not found in Open Library or Books to Scrape
Food and Drink,The Cookies & Cups Cookbook: 125+ sweet & savory recipes reminding you to Always Eat Dessert First,Unknown,Not found in Open Library or Books to Scrape
Food and Drink,The Help Yourself Cookbook for Kids: 60 Easy Plant-Based Recipes Kids Can Make to Stay Healthy and Save the Earth,Unknown,Not found in Open Library or Books to Scrape
Food and Drink,"It's All Easy: Healthy, Delicious Weeknight Meals in under 30 Minutes",Unknown,Not found in Open Library or Books to Scrape
Food and Drink,Barefoot Contessa at Home: Everyday Recipes You'll Make Over and Over Again,Unknown,Not found in Open Library or Books to Scrape
Food and Drink,My Kitchen Year: 136 Recipes That Saved My Life,Unknown,Not found in Open Library or Books to Scrape
Food and Drink,Everyday Italian: 125 Simple and Delicious Recipes,Unknown,Not found in Open Library or Books to Scrape
Food and Drink,"A la Mode: 120 Recipes in 60 Pairings: Pies, Tarts, Cakes, Crisps, and More Topped with Ice Cream, Gelato, Frozen Custard, and More",Unknown,Not found in Open Library or Books to Scrape
Food and Drink,Cravings: Recipes for What You Want to Eat,Unknown,Not found in Open Library or Books to Scrape
Food and Drink,"The Moosewood Cookbook: Recipes from Moosewood Restaurant, Ithaca, New York",Unknown,Not found in Open Library or Books to Scrape
Food and Drink,"Naturally Lean: 125 Nourishing Gluten-Free, Plant-Based Recipes--All Under 300 Calories",Unknown,Not found in Open Library or Books to Scrape
Food and Drink,How to Be a Domestic Goddess: Baking and the Art of Comfort Cooking,Unknown,Not found in Open Library or Books to Scrape
Food and Drink,Better Homes and Gardens New Cook Book,Unknown,Not found in Open Library or Books to Scrape
Food and Drink,The Power Greens Cookbook: 140 Delicious Superfood Recipes,Unknown,Not found in Open Library or Books to Scrape
Food and Drink,Mexican Today: New and Rediscovered Recipes for Contemporary Kitchens,Unknown,Not found in Open Library or Books to Scrape
Food and Drink,Vegan Vegetarian Omnivore: Dinner for Everyone at the Table,Unknown,Not found in Open Library or Books to Scrape
Food and Drink,"The Art of Simple Food: Notes, Lessons, and Recipes from a Delicious Revolution",Unknown,Not found in Open Library or Books to Scrape
Food and Drink,Hungry Girl Clean & Hungry: Easy All-Natural Recipes for Healthy Eating in the Real World,Unknown,Not found in Open Library or Books to Scrape
Christian Fiction,Shadows of the Past (Logan Point #1),Unknown,Not found in Open Library or Books to Scrape
Christian Fiction,Counted With the Stars (Out from Egypt #1),Unknown,Not found in Open Library or Books to Scrape
Christian Fiction,If I Run (If I Run #1),Unknown,Not found in Open Library or Books to Scrape
Business,The Third Wave: An Entrepreneurâs Vision of the Future,Unknown,Not found in Open Library or Books to Scrape
Business,The 10% Entrepreneur: Live Your Startup Dream Without Quitting Your Day Job,Unknown,Not found in Open Library or Books to Scrape
Business,Shoe Dog: A Memoir by the Creator of NIKE,Unknown,Not found in Open Library or Books to Scrape
Business,Made to Stick: Why Some Ideas Survive and Others Die,Unknown,Not found in Open Library or Books to Scrape
Business,Quench Your Own Thirst: Business Lessons Learned Over a Beer or Two,Unknown,Not found in Open Library or Books to Scrape
Business,Born for This: How to Find the Work You Were Meant to Do,Unknown,Not found in Open Library or Books to Scrape
Biography,Louisa: The Extraordinary Life of Mrs. Adams,Unknown,Not found in Open Library or Books to Scrape
Biography,"Setting the World on Fire: The Brief, Astonishing Life of St. Catherine of Siena",Unknown,Not found in Open Library or Books to Scrape
Biography,The Rise of Theodore Roosevelt (Theodore Roosevelt #1),Unknown,Not found in Open Library or Books to Scrape
Thriller,The Guilty (Will Robie #4),Unknown,Not found in Open Library or Books to Scrape
Thriller,The 14th Colony (Cotton Malone #11),Unknown,Not found in Open Library or Books to Scrape
Thriller,Killing Floor (Jack Reacher #1),Unknown,Not found in Open Library or Books to Scrape
Spirituality,The Activist's Tao Te Ching: Ancient Advice for a Modern Revolution,Unknown,Not found in Open Library or Books to Scrape
Spirituality,Chasing Heaven: What Dying Taught Me About Living,Unknown,Not found in Open Library or Books to Scrape
Spirituality,Unreasonable Hope: Finding Faith in the God Who Brings Purpose to Your Pain,Unknown,Not found in Open Library or Books to Scrape
Spirituality,A New Earth: Awakening to Your Life's Purpose,Unknown,Not found in Open Library or Books to Scrape
Academic,Logan Kade (Fallen Crest High #5.5),Unknown,Not found in Open Library or Books to Scrape
Self Help,Online Marketing for Busy Authors: A Step-By-Step Guide,Unknown,Not found in Open Library or Books to Scrape
Self Help,How to Be Miserable: 40 Strategies You Already Use,Unknown,Not found in Open Library or Books to Scrape
Historical,The Girl You Left Behind (The Girl You Left Behind #1),Unknown,Not found in Open Library or Books to Scrape
Christian,(Un)Qualified: How God Uses Broken People to Do Big Things,Unknown,Not found in Open Library or Books to Scrape
Christian,Blue Like Jazz: Nonreligious Thoughts on Christian Spirituality,Unknown,Not found in Open Library or Books to Scrape
Suspense,Silence in the Dark (Logan Point #4),Unknown,Not found in Open Library or Books to Scrape
Novels,Suzie Snowflake: One beautiful flake (a self-esteem story),Unknown,Not found in Open Library or Books to Scrape
Health,"The Bulletproof Diet: Lose up to a Pound a Day, Reclaim Energy and Focus, Upgrade Your Life",Unknown,Not found in Open Library or Books to Scrape
Health,10-Day Green Smoothie Cleanse: Lose Up to 15 Pounds in 10 Days!,Unknown,Not found in Open Library or Books to Scrape
Politics,Why the Right Went Wrong: Conservatism--From Goldwater to the Tea Party and Beyond,Unknown,Not found in Open Library or Books to Scrape
Politics,Equal Is Unfair: America's Misguided Fight Against Income Inequality,Unknown,Not found in Open Library or Books to Scrape
Crime,The Long Shadow of Small Ghosts: Murder and Memory in an American City,Unknown,Not found in Open Library or Books to Scrape
