category,book_name,reason
Travel,Full Moon over Noahâs Ark: An Odyssey to Mount Ararat and Beyond,Author not found in Open Library
Travel,See America: A Celebration of Our National Parks & Treasured Sites,Author not found in Open Library
Travel,Vagabonding: An Uncommon Guide to the Art of Long-Term World Travel,Author not found in Open Library
Travel,A Year in Provence (Provence #1),Author not found in Open Library
Travel,The Road to Little Dribbling: Adventures of an American in Britain (Notes From a Small Island #2),Author not found in Open Library
Travel,Neither Here nor There: Travels in Europe,Author not found in Open Library
Mystery,The Murder of Roger Ackroyd (Hercule Poirot #4),Author not found in Open Library
Mystery,The Last Mile (Amos Decker #2),Author not found in Open Library
Mystery,That Darkness (Gardiner and Renner #1),Author not found in Open Library
Mystery,Tastes Like Fear (DI Marnie Rome #3),Author not found in Open Library
Mystery,A Time of Torment (Charlie Parker #14),Author not found in Open Library
Mystery,A Study in Scarlet (Sherlock Holmes #1),Author not found in Open Library
Mystery,Poisonous (Max Revere Novels #3),Author not found in Open Library
Mystery,Murder at the 42nd Street Library (Raymond Ambler #1),Author not found in Open Library
Mystery,Hide Away (Eve Duncan #20),Author not found in Open Library
Mystery,Boar Island (Anna Pigeon #19),Author not found in Open Library
Mystery,What Happened on Beale Street (Secrets of the South Mysteries #2),Author not found in Open Library
Mystery,The Bachelor Girl's Guide to Murder (Herringford and Watts Mysteries #1),Author not found in Open Library
Mystery,Delivering the Truth (Quaker Midwife Mystery #1),Author not found in Open Library
Mystery,The Mysterious Affair at Styles (Hercule Poirot #1),Author not found in Open Library
Mystery,In the Woods (Dublin Murder Squad #1),Author not found in Open Library
Mystery,The Silkworm (Cormoran Strike #2),Author not found in Open Library
Mystery,The Cuckoo's Calling (Cormoran Strike #1),Author not found in Open Library
Mystery,Extreme Prey (Lucas Davenport #26),Author not found in Open Library
Mystery,Career of Evil (Cormoran Strike #3),Author not found in Open Library
Mystery,The No. 1 Ladies' Detective Agency (No. 1 Ladies' Detective Agency #1),Author not found in Open Library
Mystery,The Girl In The Ice (DCI Erika Foster #1),Author not found in Open Library
Mystery,Blood Defense (Samantha Brinkman #1),Author not found in Open Library
Mystery,1st to Die (Women's Murder Club #1),Author not found in Open Library
Historical Fiction,Forever and Forever: The Courtship of Henry Longfellow and Fanny Appleton,Author not found in Open Library
Historical Fiction,A Flight of Arrows (The Pathfinders #2),Author not found in Open Library
Historical Fiction,Glory over Everything: Beyond The Kitchen House,Author not found in Open Library
Historical Fiction,The Constant Princess (The Tudor Court #1),Author not found in Open Library
Historical Fiction,World Without End (The Pillars of the Earth #2),Author not found in Open Library
Historical Fiction,Voyager (Outlander #3),Author not found in Open Library
Historical Fiction,A Spy's Devotion (The Regency Spies of London #1),Author not found in Open Library
Sequential Art,Scott Pilgrim's Precious Little Life (Scott Pilgrim #1),Author not found in Open Library
Sequential Art,Tsubasa: WoRLD CHRoNiCLE 2 (Tsubasa WoRLD CHRoNiCLE #2),Author not found in Open Library
Sequential Art,The Nameless City (The Nameless City #1),Author not found in Open Library
Sequential Art,"Saga, Volume 5 (Saga (Collected Editions) #5)",Author not found in Open Library
Sequential Art,"Rat Queens, Vol. 3: Demons (Rat Queens (Collected Editions) #11-15)",Author not found in Open Library
Sequential Art,"Princess Jellyfish 2-in-1 Omnibus, Vol. 01 (Princess Jellyfish 2-in-1 Omnibus #1)",Author not found in Open Library
Sequential Art,"Pop Gun War, Volume 1: Gift",Author not found in Open Library
Sequential Art,"Outcast, Vol. 1: A Darkness Surrounds Him (Outcast #1)",Author not found in Open Library
Sequential Art,orange: The Complete Collection 1 (orange: The Complete Collection #1),Author not found in Open Library
Sequential Art,"Lumberjanes, Vol. 2: Friendship to the Max (Lumberjanes #5-8)",Author not found in Open Library
Sequential Art,"Lumberjanes, Vol. 1: Beware the Kitten Holy (Lumberjanes #1-4)",Author not found in Open Library
Sequential Art,Lumberjanes Vol. 3: A Terrible Plan (Lumberjanes #9-12),Author not found in Open Library
Sequential Art,"I Hate Fairyland, Vol. 1: Madly Ever After (I Hate Fairyland (Compilations) #1-5)",Author not found in Open Library
Sequential Art,I am a Hero Omnibus Volume 1,Author not found in Open Library
Sequential Art,"Giant Days, Vol. 2 (Giant Days #5-8)",Author not found in Open Library
Sequential Art,Danganronpa Volume 1,Author not found in Open Library
Sequential Art,"Codename Baboushka, Volume 1: The Conclave of Death",Author not found in Open Library
Sequential Art,"Bitch Planet, Vol. 1: Extraordinary Machine (Bitch Planet (Collected Editions))",Author not found in Open Library
Sequential Art,"Fables, Vol. 1: Legends in Exile (Fables #1)",Author not found in Open Library
Sequential Art,Batman: The Dark Knight Returns (Batman),Author not found in Open Library
Sequential Art,"Wonder Woman: Earth One, Volume One (Wonder Woman: Earth One #1)",Author not found in Open Library
Sequential Art,"We Are Robin, Vol. 1: The Vigilante Business (We Are Robin #1)",Author not found in Open Library
Sequential Art,Superman Vol. 1: Before Truth (Superman by Gene Luen Yang #1),Author not found in Open Library
Sequential Art,"So Cute It Hurts!!, Vol. 6 (So Cute It Hurts!! #6)",Author not found in Open Library
Sequential Art,"Red Hood/Arsenal, Vol. 1: Open for Business (Red Hood/Arsenal #1)",Author not found in Open Library
Sequential Art,"Naruto (3-in-1 Edition), Vol. 14: Includes Vols. 40, 41 & 42 (Naruto: Omnibus #14)",Author not found in Open Library
Sequential Art,Lowriders to the Center of the Earth (Lowriders in Space #2),Author not found in Open Library
Sequential Art,Batman: Europa,Author not found in Open Library
Sequential Art,"Adulthood Is a Myth: A ""Sarah's Scribbles"" Collection",Author not found in Open Library
Sequential Art,"Fruits Basket, Vol. 9 (Fruits Basket #9)",Author not found in Open Library
Sequential Art,"Fruits Basket, Vol. 7 (Fruits Basket #7)",Author not found in Open Library
Sequential Art,"Fruits Basket, Vol. 6 (Fruits Basket #6)",Author not found in Open Library
Sequential Art,"Death Note, Vol. 6: Give-and-Take (Death Note #6)",Author not found in Open Library
Sequential Art,"Fruits Basket, Vol. 5 (Fruits Basket #5)",Author not found in Open Library
Sequential Art,"Death Note, Vol. 5: Whiteout (Death Note #5)",Author not found in Open Library
Sequential Art,"The Demon Prince of Momochi House, Vol. 4 (The Demon Prince of Momochi House #4)",Author not found in Open Library
Sequential Art,"Fruits Basket, Vol. 4 (Fruits Basket #4)",Author not found in Open Library
Sequential Art,"The Wicked + The Divine, Vol. 3: Commercial Suicide (The Wicked + The Divine)",Author not found in Open Library
Sequential Art,"The Sandman, Vol. 3: Dream Country (The Sandman (volumes) #3)",Author not found in Open Library
Sequential Art,"Saga, Volume 3 (Saga (Collected Editions) #3)",Author not found in Open Library
Sequential Art,Prodigy: The Graphic Novel (Legend: The Graphic Novel #2),Author not found in Open Library
Sequential Art,Persepolis: The Story of a Childhood (Persepolis #1-2),Author not found in Open Library
Sequential Art,"Grayson, Vol 3: Nemesis (Grayson #3)",Author not found in Open Library
Sequential Art,"Fruits Basket, Vol. 3 (Fruits Basket #3)",Author not found in Open Library
Sequential Art,"Black Butler, Vol. 1 (Black Butler #1)",Author not found in Open Library
Sequential Art,"The Sandman, Vol. 2: The Doll's House (The Sandman (volumes) #2)",Author not found in Open Library
Sequential Art,"Saga, Volume 2 (Saga (Collected Editions) #2)",Author not found in Open Library
Sequential Art,"Fruits Basket, Vol. 2 (Fruits Basket #2)",Author not found in Open Library
Sequential Art,"Y: The Last Man, Vol. 1: Unmanned (Y: The Last Man #1)",Author not found in Open Library
Sequential Art,"The Wicked + The Divine, Vol. 1: The Faust Act (The Wicked + The Divine)",Author not found in Open Library
Sequential Art,"The Sandman, Vol. 1: Preludes and Nocturnes (The Sandman (volumes) #1)",Author not found in Open Library
Sequential Art,The Complete Maus (Maus #1-2),Author not found in Open Library
Sequential Art,"Skip Beat!, Vol. 01 (Skip Beat! #1)",Author not found in Open Library
Sequential Art,"Saga, Volume 1 (Saga (Collected Editions) #1)",Author not found in Open Library
Sequential Art,"Rat Queens, Vol. 1: Sass & Sorcery (Rat Queens (Collected Editions) #1-5)",Author not found in Open Library
Sequential Art,"Paper Girls, Vol. 1 (Paper Girls #1-5)",Author not found in Open Library
Sequential Art,"Ouran High School Host Club, Vol. 1 (Ouran High School Host Club #1)",Author not found in Open Library
Sequential Art,"Ms. Marvel, Vol. 1: No Normal (Ms. Marvel (2014-2015) #1)",Author not found in Open Library
Sequential Art,"Hawkeye, Vol. 1: My Life as a Weapon (Hawkeye #1)",Author not found in Open Library
Sequential Art,"Fruits Basket, Vol. 1 (Fruits Basket #1)",Author not found in Open Library
Sequential Art,"Bleach, Vol. 1: Strawberry and the Soul Reapers (Bleach #1)",Author not found in Open Library
Sequential Art,"Ajin: Demi-Human, Volume 1 (Ajin: Demi-Human #1)",Author not found in Open Library
Classics,The Metamorphosis,Author not found in Open Library
Classics,The Hound of the Baskervilles (Sherlock Holmes #5),Author not found in Open Library
Classics,The Complete Stories and Poems (The Works of Edgar Allan Poe [Cameo Edition]),Author not found in Open Library
Philosophy,The Death of Humanity: and the Case for Life,Author not found in Open Library
Philosophy,Proofs of God: Classical Arguments from Tertullian to Barth,Author not found in Open Library
Philosophy,Kierkegaard: A Christian Missionary to Christians,Author not found in Open Library
Philosophy,"At The Existentialist CafÃ©: Freedom, Being, and apricot cocktails with: Jean-Paul Sartre, Simone de Beauvoir, Albert Camus, Martin Heidegger, Edmund Husserl, Karl Jaspers, Maurice Merleau-Ponty and others",Author not found in Open Library
Philosophy,"Run, Spot, Run: The Ethics of Keeping Pets",Author not found in Open Library
Romance,Chase Me (Paris Nights #2),Author not found in Open Library
Romance,Her Backup Boyfriend (The Sorensen Family #1),Author not found in Open Library
Romance,First and First (Five Boroughs #3),Author not found in Open Library
Romance,Fifty Shades Darker (Fifty Shades #2),Author not found in Open Library
Romance,Suddenly in Love (Lake Haven #1),Author not found in Open Library
Romance,Doing It Over (Most Likely To #1),Author not found in Open Library
Romance,The Wedding Pact (The O'Malleys #2),Author not found in Open Library
Romance,Hold Your Breath (Search and Rescue #1),Author not found in Open Library
Romance,Dirty (Dive Bar #1),Author not found in Open Library
Romance,Take Me Home Tonight (Rock Star Romance #3),Author not found in Open Library
Romance,Off the Hook (Fishing for Trouble #1),Author not found in Open Library
Romance,A Gentleman's Position (Society of Gentlemen #3),Author not found in Open Library
Romance,A Girl's Guide to Moving On (New Beginnings #2),Author not found in Open Library
Romance,The Perfect Play (Play by Play #1),Author not found in Open Library
Romance,Dark Lover (Black Dagger Brotherhood #1),Author not found in Open Library
Romance,Changing the Game (Play by Play #2),Author not found in Open Library
Romance,The Purest Hook (Second Circle Tattoos #3),Author not found in Open Library
Romance,Best of My Love (Fool's Gold #20),Author not found in Open Library
Romance,Where Lightning Strikes (Bleeding Stars #3),Author not found in Open Library
Romance,This One Moment (Pushing Limits #1),Author not found in Open Library
Romance,My Perfect Mistake (Over the Top #1),Author not found in Open Library
Romance,Listen to Me (Fusion #1),Author not found in Open Library
Romance,Fighting Fate (Fighting #6),Author not found in Open Library
Romance,Deep Under (Walker Security #1),Author not found in Open Library
Romance,Charity's Cross (Charles Towne Belles #4),Author not found in Open Library
Romance,Bounty (Colorado Mountain #7),Author not found in Open Library
Womens Fiction,I Had a Nice Time And Other Lies...: How to find love & sh*t like that,Author not found in Open Library
Womens Fiction,Grey (Fifty Shades #4),Author not found in Open Library
Womens Fiction,Shopaholic Ties the Knot (Shopaholic #3),Author not found in Open Library
Womens Fiction,The Devil Wears Prada (The Devil Wears Prada #1),Author not found in Open Library
Womens Fiction,Something Borrowed (Darcy & Rachel #1),Author not found in Open Library
Womens Fiction,Something Blue (Darcy & Rachel #2),Author not found in Open Library
Womens Fiction,The Edge of Reason (Bridget Jones #2),Author not found in Open Library
Womens Fiction,Bridget Jones's Diary (Bridget Jones #1),Author not found in Open Library
Fiction,Private Paris (Private #10),Author not found in Open Library
Fiction,The Murder That Never Was (Forensic Instincts #5),Author not found in Open Library
Fiction,Finders Keepers (Bill Hodges Trilogy #2),Author not found in Open Library
Fiction,The First Hostage (J.B. Collins #2),Author not found in Open Library
Fiction,Mr. Mercedes (Bill Hodges Trilogy #1),Author not found in Open Library
Fiction,I Am Pilgrim (Pilgrim #1),Author not found in Open Library
Fiction,Eligible (The Austen Project #4),Author not found in Open Library
Fiction,Cometh the Hour (The Clifton Chronicles #6),Author not found in Open Library
Fiction,A Man Called Ove,Author not found in Open Library
Fiction,The Silent Sister (Riley MacPherson #1),Author not found in Open Library
Fiction,The Bourne Identity (Jason Bourne #1),Author not found in Open Library
Fiction,Me Before You (Me Before You #1),Author not found in Open Library
Fiction,Last One Home (New Beginnings #1),Author not found in Open Library
Fiction,The Da Vinci Code (Robert Langdon #2),Author not found in Open Library
Fiction,Lila (Gilead #3),Author not found in Open Library
Fiction,Jurassic Park (Jurassic Park #1),Author not found in Open Library
Fiction,Inferno (Robert Langdon #4),Author not found in Open Library
Fiction,Crazy Rich Asians (Crazy Rich Asians #1),Author not found in Open Library
Childrens,Birdsong: A Story in Pictures,Author not found in Open Library
Childrens,The White Cat and the Monk: A Retelling of the Poem âPangur BÃ¡nâ,Author not found in Open Library
Childrens,"Shrunken Treasures: Literary Classics, Short, Sweet, and Silly",Author not found in Open Library
Childrens,Maybe Something Beautiful: How Art Transformed a Neighborhood,Author not found in Open Library
Childrens,The Cat in the Hat (Beginner Books B-1),Author not found in Open Library
Childrens,Green Eggs and Ham (Beginner Books B-16),Author not found in Open Library
Childrens,Diary of a Minecraft Zombie Book 1: A Scare of a Dare (An Unofficial Minecraft Book),Author not found in Open Library
Childrens,Charlie and the Chocolate Factory (Charlie Bucket #1),Author not found in Open Library
Religion,You Are What You Love: The Spiritual Power of Habit,Author not found in Open Library
Religion,God: The Most Unpleasant Character in All Fiction,Author not found in Open Library
Religion,Choosing Our Religion: The Spiritual Lives of America's Nones,Author not found in Open Library
Nonfiction,Worlds Elsewhere: Journeys Around Shakespeareâs Globe,Author not found in Open Library
Nonfiction,The Five Love Languages: How to Express Heartfelt Commitment to Your Mate,Author not found in Open Library
Nonfiction,#HigherSelfie: Wake Up Your Life. Free Your Soul. Find Your Tribe.,Author not found in Open Library
Nonfiction,"Unseen City: The Majesty of Pigeons, the Discreet Charm of Snails & Other Wonders of the Urban Wilderness",Author not found in Open Library
Nonfiction,Throwing Rocks at the Google Bus: How Growth Became the Enemy of Prosperity,Author not found in Open Library
Nonfiction,The Gutsy Girl: Escapades for Your Life of Epic Adventure,Author not found in Open Library
Nonfiction,The Electric Pencil: Drawings from Inside State Hospital No. 3,Author not found in Open Library
Nonfiction,Spark Joy: An Illustrated Master Class on the Art of Organizing and Tidying Up,Author not found in Open Library
Nonfiction,Reskilling America: Learning to Labor in the Twenty-First Century,Author not found in Open Library
Nonfiction,In the Country We Love: My Family Divided,Author not found in Open Library
Nonfiction,Everydata: The Misinformation Hidden in the Little Data You Consume Every Day,Author not found in Open Library
Nonfiction,Call the Nurse: True Stories of a Country Nurse on a Scottish Isle,Author not found in Open Library
Nonfiction,Algorithms to Live By: The Computer Science of Human Decisions,Author not found in Open Library
Nonfiction,The Artist's Way: A Spiritual Path to Higher Creativity,Author not found in Open Library
Nonfiction,Big Magic: Creative Living Beyond Fear,Author not found in Open Library
Nonfiction,Becoming Wise: An Inquiry into the Mystery and Art of Living,Author not found in Open Library
Nonfiction,Agnostic: A Spirited Manifesto,Author not found in Open Library
Nonfiction,Whole Lotta Creativity Going On: 60 Fun and Unusual Exercises to Awaken and Strengthen Your Creativity,Author not found in Open Library
Nonfiction,What's It Like in Space?: Stories from Astronauts Who've Been There,Author not found in Open Library
Nonfiction,The Literature Book (Big Ideas Simply Explained),Author not found in Open Library
Nonfiction,The Bad-Ass Librarians of Timbuktu: And Their Race to Save the Worldâs Most Precious Manuscripts,Author not found in Open Library
Nonfiction,Swell: A Year of Waves,Author not found in Open Library
Nonfiction,No Dream Is Too High: Life Lessons From a Man Who Walked on the Moon,Author not found in Open Library
Nonfiction,Let It Out: A Journey Through Journaling,Author not found in Open Library
Nonfiction,"Far & Away: Places on the Brink of Change: Seven Continents, Twenty-Five Years",Author not found in Open Library
Nonfiction,"Eaternity: More than 150 Deliciously Easy Vegan Recipes for a Long, Healthy, Satisfied, Joyful Life",Author not found in Open Library
Nonfiction,Buying In: The Secret Dialogue Between What We Buy and Who We Are,Author not found in Open Library
Nonfiction,13 Hours: The Inside Account of What Really Happened In Benghazi,Author not found in Open Library
Nonfiction,The Lonely City: Adventures in the Art of Being Alone,Author not found in Open Library
Nonfiction,Snatched: How A Drug Queen Went Undercover for the DEA and Was Kidnapped By Colombian Guerillas,Author not found in Open Library
Nonfiction,Furiously Happy: A Funny Book About Horrible Things,Author not found in Open Library
Nonfiction,"The Sleep Revolution: Transforming Your Life, One Night at a Time",Author not found in Open Library
Nonfiction,A Mother's Reckoning: Living in the Aftermath of Tragedy,Author not found in Open Library
Nonfiction,"10% Happier: How I Tamed the Voice in My Head, Reduced Stress Without Losing My Edge, and Found Self-Help That Actually Works",Author not found in Open Library
Nonfiction,Chernobyl 01:23:40: The Incredible True Story of the World's Worst Nuclear Disaster,Author not found in Open Library
Nonfiction,"The Midnight Assassin: Panic, Scandal, and the Hunt for America's First Serial Killer",Author not found in Open Library
Nonfiction,Living Forward: A Proven Plan to Stop Drifting and Get the Life You Want,Author not found in Open Library
Nonfiction,Brazen: The Courage to Find the You That's Been Hiding,Author not found in Open Library
Nonfiction,"A Murder Over a Girl: Justice, Gender, Junior High",Author not found in Open Library
Nonfiction,For the Love: Fighting for Grace in a World of Impossible Standards,Author not found in Open Library
Nonfiction,Finding God in the Ruins: How God Redeems Pain,Author not found in Open Library
Nonfiction,Why Save the Bankers?: And Other Essays on Our Economic and Political Crisis,Author not found in Open Library
Nonfiction,Talking to Girls About Duran Duran: One Young Man's Quest for True Love and a Cooler Haircut,Author not found in Open Library
Nonfiction,"Data, A Love Story: How I Gamed Online Dating to Meet My Match",Author not found in Open Library
Nonfiction,The Jazz of Physics: The Secret Link Between Music and the Structure of the Universe,Author not found in Open Library
Nonfiction,The Geography of Bliss: One Grump's Search for the Happiest Places in the World,Author not found in Open Library
Nonfiction,God Is Not Great: How Religion Poisons Everything,Author not found in Open Library
Nonfiction,We the People: The Modern-Day Figures Who Have Reshaped and Affirmed the Founding Fathers' Vision of America,Author not found in Open Library
Nonfiction,Very Good Lives: The Fringe Benefits of Failure and the Importance of Imagination,Author not found in Open Library
Nonfiction,"Unstuffed: Decluttering Your Home, Mind, and Soul",Author not found in Open Library
Nonfiction,"Trespassing Across America: One Man's Epic, Never-Done-Before (and Sort of Illegal) Hike Across the Heartland",Author not found in Open Library
Nonfiction,Spilled Milk: Based on a True Story,Author not found in Open Library
Nonfiction,Notes from a Small Island (Notes From a Small Island #1),Author not found in Open Library
Nonfiction,Night (The Night Trilogy #1),Author not found in Open Library
Nonfiction,"Miracles from Heaven: A Little Girl, Her Journey to Heaven, and Her Amazing Story of Healing",Author not found in Open Library
Nonfiction,Let's Pretend This Never Happened: A Mostly True Memoir,Author not found in Open Library
Nonfiction,It's Never Too Late to Begin Again: Discovering Creativity and Meaning at Midlife and Beyond,Author not found in Open Library
Nonfiction,"In the Garden of Beasts: Love, Terror, and an American Family in Hitler's Berlin",Author not found in Open Library
Nonfiction,Disrupted: My Misadventure in the Start-Up Bubble,Author not found in Open Library
Nonfiction,"Born to Run: A Hidden Tribe, Superathletes, and the Greatest Race the World Has Never Seen",Author not found in Open Library
Nonfiction,Blink: The Power of Thinking Without Thinking,Author not found in Open Library
Nonfiction,A Walk in the Woods: Rediscovering America on the Appalachian Trail,Author not found in Open Library
Nonfiction,"The Suffragettes (Little Black Classics, #96)",Author not found in Open Library
Nonfiction,Travels with Charley: In Search of America,Author not found in Open Library
Nonfiction,The End of the Jesus Era (An Investigation #1),Author not found in Open Library
Music,"Our Band Could Be Your Life: Scenes from the American Indie Underground, 1981-1991",Author not found in Open Library
Music,Love Is a Mix Tape (Music #1),Author not found in Open Library
Music,Please Kill Me: The Uncensored Oral History of Punk,Author not found in Open Library
Music,Kill 'Em and Leave: Searching for James Brown and the American Soul,Author not found in Open Library
Music,This Is Your Brain on Music: The Science of a Human Obsession,Author not found in Open Library
Music,"Orchestra of Exiles: The Story of Bronislaw Huberman, the Israel Philharmonic, and the One Thousand Jews He Saved from Nazi Horrors",Author not found in Open Library
Music,Old Records Never Die: One Man's Quest for His Vinyl and His Past,Author not found in Open Library
Music,Forever Rockers (The Rocker #12),Author not found in Open Library
Default,"The Coming Woman: A Novel Based on the Life of the Infamous Feminist, Victoria Woodhull",Author not found in Open Library
Default,"Starving Hearts (Triangular Trade Trilogy, #1)",Author not found in Open Library
Default,America's Cradle of Quarterbacks: Western Pennsylvania's Football Factory from Johnny Unitas to Joe Montana,Author not found in Open Library
Default,Maude (1883-1993):She Grew Up with the country,Author not found in Open Library
Default,"The Inefficiency Assassin: Time Management Tactics for Working Smarter, Not Longer",Author not found in Open Library
Default,A World of Flavor: Your Gluten Free Passport,Author not found in Open Library
Default,"A Piece of Sky, a Grain of Rice: A Memoir in Four Meditations",Author not found in Open Library
Default,The Psychopath Test: A Journey Through the Madness Industry,Author not found in Open Library
Default,The Bridge to Consciousness: I'm Writing the Bridge Between Science and Our Old and New Beliefs.,Author not found in Open Library
Default,Secrets and Lace (Fatal Hearts #1),Author not found in Open Library
Default,Romero and Juliet: A Tragic Tale of Love and Zombies,Author not found in Open Library
Default,Poses for Artists Volume 1 - Dynamic and Sitting Poses: An Essential Reference for Figure Drawing and the Human Form,Author not found in Open Library
Default,Miss Peregrineâs Home for Peculiar Children (Miss Peregrineâs Peculiar Children #1),Author not found in Open Library
Default,Large Print Heart of the Pride,Author not found in Open Library
Default,First Steps for New Christians (Print Edition),Author not found in Open Library
Default,Eureka Trivia 6.0,Author not found in Open Library
Default,Drive: The Surprising Truth About What Motivates Us,Author not found in Open Library
Default,Done Rubbed Out (Reightman & Bailey #1),Author not found in Open Library
Default,Beauty Restored (Riley Family Legacy Novellas #3),Author not found in Open Library
Default,V for Vendetta (V for Vendetta Complete),Author not found in Open Library
Default,The Rosie Project (Don Tillman #1),Author not found in Open Library
Default,The Power of Habit: Why We Do What We Do in Life and Business,Author not found in Open Library
Default,"Living Leadership by Insight: A Good Leader Achieves, a Great Leader Builds Monuments",Author not found in Open Library
Default,Lady Midnight (The Dark Artifices #1),Author not found in Open Library
Default,"Hush, Hush (Hush, Hush #1)",Author not found in Open Library
Default,Greek Mythic History,Author not found in Open Library
Default,Clockwork Angel (The Infernal Devices #1),Author not found in Open Library
Default,City of Fallen Angels (The Mortal Instruments #4),Author not found in Open Library
Default,City of Bones (The Mortal Instruments #1),Author not found in Open Library
Default,City of Ashes (The Mortal Instruments #2),Author not found in Open Library
Default,Angels & Demons (Robert Langdon #1),Author not found in Open Library
Default,How to Speak Golf: An Illustrated Guide to Links Lingo,Author not found in Open Library
Default,Troublemaker: Surviving Hollywood and Scientology,Author not found in Open Library
Default,The New Brand You: Your New Image Makes the Sale for You,Author not found in Open Library
Default,"NaNo What Now? Finding your editing process, revising your NaNoWriMo book and building a writing career through publishing and beyond",Author not found in Open Library
Default,The Unlikely Pilgrimage of Harold Fry (Harold Fry #1),Author not found in Open Library
Default,The Martian (The Martian #1),Author not found in Open Library
Default,John Vassos: Industrial Design for Modern Life,Author not found in Open Library
Default,Ender's Game (The Ender Quintet #1),Author not found in Open Library
Default,Wildlife of New York: A Five-Borough Coloring Book,Author not found in Open Library
Default,The Year of Living Biblically: One Man's Humble Quest to Follow the Bible as Literally as Possible,Author not found in Open Library
Default,The Hobbit (Middle-Earth Universe),Author not found in Open Library
Default,The Fellowship of the Ring (The Lord of the Rings #1),Author not found in Open Library
Default,Ship Leaves Harbor: Essays on Travel by a Recovering Journeyman,Author not found in Open Library
Default,What If?: Serious Scientific Answers to Absurd Hypothetical Questions,Author not found in Open Library
Default,The Dream Thieves (The Raven Cycle #2),Author not found in Open Library
Default,Shiver (The Wolves of Mercy Falls #1),Author not found in Open Library
Default,If I Stay (If I Stay #1),Author not found in Open Library
Default,I Know Why the Caged Bird Sings (Maya Angelou's Autobiography #1),Author not found in Open Library
Default,Harry Potter and the Deathly Hallows (Harry Potter #7),Author not found in Open Library
Default,"Blue Lily, Lily Blue (The Raven Cycle #3)",Author not found in Open Library
Default,Alight (The Generations Trilogy #2),Author not found in Open Library
Default,Vogue Colors A to Z: A Fashion Coloring Book,Author not found in Open Library
Default,The Shining (The Shining #1),Author not found in Open Library
Default,The Hunger Games (The Hunger Games #1),Author not found in Open Library
Default,Outlander (Outlander #1),Author not found in Open Library
Default,Mockingjay (The Hunger Games #3),Author not found in Open Library
Default,Harry Potter and the Sorcerer's Stone (Harry Potter #1),Author not found in Open Library
Default,Confessions of a Shopaholic (Shopaholic #1),Author not found in Open Library
Default,Zero History (Blue Ant #3),Author not found in Open Library
Default,The Maze Runner (The Maze Runner #1),Author not found in Open Library
Default,The Giver (The Giver Quartet #1),Author not found in Open Library
Default,The Girl Who Played with Fire (Millennium Trilogy #2),Author not found in Open Library
Default,The Demon-Haunted World: Science as a Candle in the Dark,Author not found in Open Library
Default,Shopaholic & Baby (Shopaholic #5),Author not found in Open Library
Default,Packing for Mars: The Curious Science of Life in the Void,Author not found in Open Library
Default,One for the Money (Stephanie Plum #1),Author not found in Open Library
Default,Morning Star (Red Rising #3),Author not found in Open Library
Default,Eclipse (Twilight #3),Author not found in Open Library
Default,Dead Wake: The Last Crossing of the Lusitania,Author not found in Open Library
Default,"David and Goliath: Underdogs, Misfits, and the Art of Battling Giants",Author not found in Open Library
Default,Breaking Dawn (Twilight #4),Author not found in Open Library
Default,Beautiful Creatures (Caster Chronicles #1),Author not found in Open Library
Default,The Name of the Wind (The Kingkiller Chronicle #1),Author not found in Open Library
Default,Taking Shots (Assassins #1),Author not found in Open Library
Default,Shatter Me (Shatter Me #1),Author not found in Open Library
Default,Paradise Lost (Paradise #1),Author not found in Open Library
Default,On the Road (Duluoz Legend),Author not found in Open Library
Science Fiction,Mesaerion: The Best Science Fiction Stories 1800-1849,Author not found in Open Library
Science Fiction,"William Shakespeare's Star Wars: Verily, A New Hope (William Shakespeare's Star Wars #4)",Author not found in Open Library
Science Fiction,Sleeping Giants (Themis Files #1),Author not found in Open Library
Science Fiction,Foundation (Foundation (Publication Order) #1),Author not found in Open Library
Science Fiction,The Restaurant at the End of the Universe (Hitchhiker's Guide to the Galaxy #2),Author not found in Open Library
Science Fiction,"Life, the Universe and Everything (Hitchhiker's Guide to the Galaxy #3)",Author not found in Open Library
Science Fiction,Do Androids Dream of Electric Sheep? (Blade Runner #1),Author not found in Open Library
Science Fiction,Three Wishes (River of Time: California #1),Author not found in Open Library
Science Fiction,The Last Girl (The Dominion Trilogy #1),Author not found in Open Library
Science Fiction,Having the Barbarian's Baby (Ice Planet Barbarians #7.5),Author not found in Open Library
Sports and Games,The Book of Basketball: The NBA According to The Sports Guy,Author not found in Open Library
Sports and Games,"Friday Night Lights: A Town, a Team, and a Dream",Author not found in Open Library
Sports and Games,Sugar Rush (Offensive Line #2),Author not found in Open Library
Sports and Games,Settling the Score (The Summer Games #1),Author not found in Open Library
Sports and Games,Icing (Aces Hockey #2),Author not found in Open Library
Add a comment,The Torch Is Passed: A Harding Family Story,Author not found in Open Library
Add a comment,"The Mindfulness and Acceptance Workbook for Anxiety: A Guide to Breaking Free from Anxiety, Phobias, and Worry Using Acceptance and Commitment Therapy",Author not found in Open Library
Add a comment,Judo: Seven Steps to Black Belt (an Introductory Guide for Beginners),Author not found in Open Library
Add a comment,"Shobu Samurai, Project Aryoku (#3)",Author not found in Open Library
Add a comment,The White Queen (The Cousins' War #1),Author not found in Open Library
Add a comment,More Than Music (Chasing the Dream #1),Author not found in Open Library
Add a comment,Code Name Verity (Code Name Verity #1),Author not found in Open Library
Add a comment,Angels Walking (Angels Walking #1),Author not found in Open Library
Add a comment,"A Series of Catastrophes and Miracles: A True Story of Love, Science, and Cancer",Author not found in Open Library
Add a comment,A Brush of Wings (Angels Walking #3),Author not found in Open Library
Add a comment,The Midnight Watch: A Novel of the Titanic and the Californian,Author not found in Open Library
Add a comment,The Gray Rhino: How to Recognize and Act on the Obvious Dangers We Ignore,Author not found in Open Library
Add a comment,One with You (Crossfire #5),Author not found in Open Library
Add a comment,A Hero's Curse (The Unseen Chronicles #1),Author not found in Open Library
Add a comment,23 Degrees South: A Tropical Tale of Changing Whether...,Author not found in Open Library
Add a comment,Team of Rivals: The Political Genius of Abraham Lincoln,Author not found in Open Library
Add a comment,Good in Bed (Cannie Shapiro #1),Author not found in Open Library
Add a comment,The Golden Compass (His Dark Materials #1),Author not found in Open Library
Add a comment,Fun Home: A Family Tragicomic,Author not found in Open Library
Add a comment,The Raven King (The Raven Cycle #4),Author not found in Open Library
Add a comment,Find Her (Detective D.D. Warren #8),Author not found in Open Library
Add a comment,Evicted: Poverty and Profit in the American City,Author not found in Open Library
Add a comment,A Game of Thrones (A Song of Ice and Fire #1),Author not found in Open Library
Add a comment,A Clash of Kings (A Song of Ice and Fire #2),Author not found in Open Library
Add a comment,The Tipping Point: How Little Things Can Make a Big Difference,Author not found in Open Library
Add a comment,The Rest Is Noise: Listening to the Twentieth Century,Author not found in Open Library
Add a comment,The Hitchhiker's Guide to the Galaxy (Hitchhiker's Guide to the Galaxy #1),Author not found in Open Library
Add a comment,The Girl Who Kicked the Hornet's Nest (Millennium Trilogy #3),Author not found in Open Library
Add a comment,"The End of Faith: Religion, Terror, and the Future of Reason",Author not found in Open Library
Add a comment,The Blind Side: Evolution of a Game,Author not found in Open Library
Add a comment,Rogue Lawyer (Rogue Lawyer #1),Author not found in Open Library
Add a comment,Fire Bound (Sea Haven/Sisters of the Heart #5),Author not found in Open Library
Fantasy,"Saga, Volume 6 (Saga (Collected Editions) #6)",Author not found in Open Library
Fantasy,Princess Between Worlds (Wide-Awake Princess #5),Author not found in Open Library
Fantasy,Crown of Midnight (Throne of Glass #2),Author not found in Open Library
Fantasy,"Avatar: The Last Airbender: Smoke and Shadow, Part 3 (Smoke and Shadow #3)",Author not found in Open Library
Fantasy,Throne of Glass (Throne of Glass #1),Author not found in Open Library
Fantasy,The Glittering Court (The Glittering Court #1),Author not found in Open Library
Fantasy,Hollow City (Miss Peregrineâs Peculiar Children #2),Author not found in Open Library
Fantasy,The Hidden Oracle (The Trials of Apollo #1),Author not found in Open Library
Fantasy,The Bane Chronicles (The Bane Chronicles #1-11),Author not found in Open Library
Fantasy,Island of Dragons (Unwanteds #7),Author not found in Open Library
Fantasy,Demigods & Magicians: Percy and Annabeth Meet the Kanes (Percy Jackson & Kane Chronicles Crossover #1-3),Author not found in Open Library
Fantasy,City of Glass (The Mortal Instruments #3),Author not found in Open Library
Fantasy,A Shard of Ice (The Black Symphony Saga #1),Author not found in Open Library
Fantasy,Every Heart a Doorway (Every Heart A Doorway #1),Author not found in Open Library
Fantasy,A Gathering of Shadows (Shades of Magic #2),Author not found in Open Library
Fantasy,The Raven Boys (The Raven Cycle #1),Author not found in Open Library
Fantasy,The False Prince (The Ascendance Trilogy #1),Author not found in Open Library
Fantasy,A Feast for Crows (A Song of Ice and Fire #4),Author not found in Open Library
Fantasy,The Demonists (Demonist #1),Author not found in Open Library
Fantasy,The Beast (Black Dagger Brotherhood #14),Author not found in Open Library
Fantasy,Paper and Fire (The Great Library #2),Author not found in Open Library
Fantasy,Harry Potter and the Order of the Phoenix (Harry Potter #5),Author not found in Open Library
Fantasy,Harry Potter and the Half-Blood Prince (Harry Potter #6),Author not found in Open Library
Fantasy,Harry Potter and the Chamber of Secrets (Harry Potter #2),Author not found in Open Library
Fantasy,The Rose & the Dagger (The Wrath and the Dawn #2),Author not found in Open Library
Fantasy,Soldier (Talon #3),Author not found in Open Library
Fantasy,Midnight Riot (Peter Grant/ Rivers of London - books #1),Author not found in Open Library
Fantasy,Eragon (The Inheritance Cycle #1),Author not found in Open Library
Fantasy,Darkfever (Fever #1),Author not found in Open Library
Fantasy,A Storm of Swords (A Song of Ice and Fire #3),Author not found in Open Library
Fantasy,The Silent Twin (Detective Jennifer Knight #3),Author not found in Open Library
Fantasy,The Mirror & the Maze (The Wrath and the Dawn #1.5),Author not found in Open Library
Fantasy,Sister Sable (The Mad Queen #1),Author not found in Open Library
Fantasy,Shadow Rites (Jane Yellowrock #10),Author not found in Open Library
Fantasy,Origins (Alphas 0.5),Author not found in Open Library
Fantasy,One Second (Seven #7),Author not found in Open Library
Fantasy,Myriad (Prentor #1),Author not found in Open Library
New Adult,Without Borders (Wanderlove #1),Author not found in Open Library
New Adult,The Mistake (Off-Campus #2),Author not found in Open Library
New Adult,The Matchmaker's Playbook (Wingmen Inc. #1),Author not found in Open Library
New Adult,The Hook Up (Game On #1),Author not found in Open Library
New Adult,Off Sides (Off #1),Author not found in Open Library
Young Adult,The Natural History of Us (The Fine Art of Pretending #2),Author not found in Open Library
Young Adult,Obsidian (Lux #1),Author not found in Open Library
Young Adult,Library of Souls (Miss Peregrineâs Peculiar Children #3),Author not found in Open Library
Young Adult,Frostbite (Vampire Academy #2),Author not found in Open Library
Young Adult,Until Friday Night (The Field Party #1),Author not found in Open Library
Young Adult,Catching Jordan (Hundred Oaks),Author not found in Open Library
Young Adult,Aristotle and Dante Discover the Secrets of the Universe (Aristotle and Dante Discover the Secrets of the Universe #1),Author not found in Open Library
Young Adult,The Epidemic (The Program 0.6),Author not found in Open Library
Young Adult,Stars Above (The Lunar Chronicles #4.5),Author not found in Open Library
Young Adult,No Love Allowed (Dodge Cove #1),Author not found in Open Library
Young Adult,Future Shock (Future Shock #1),Author not found in Open Library
Young Adult,Nightstruck: A Novel,Author not found in Open Library
Young Adult,Where She Went (If I Stay #2),Author not found in Open Library
Young Adult,Lola and the Boy Next Door (Anna and the French Kiss #2),Author not found in Open Library
Young Adult,Isla and the Happily Ever After (Anna and the French Kiss #3),Author not found in Open Library
Young Adult,Walk the Edge (Thunder Road #2),Author not found in Open Library
Young Adult,Scarlet (The Lunar Chronicles #2),Author not found in Open Library
Young Adult,Lady Renegades (Rebel Belle #3),Author not found in Open Library
Young Adult,Golden (Heart of Dread #3),Author not found in Open Library
Young Adult,Cinder (The Lunar Chronicles #1),Author not found in Open Library
Young Adult,New Moon (Twilight #2),Author not found in Open Library
Young Adult,Girl Online On Tour (Girl Online #2),Author not found in Open Library
Science,The Most Perfect Thing: Inside (and Outside) a Bird's Egg,Author not found in Open Library
Science,Immunity: How Elie Metchnikoff Changed the Course of Modern Medicine,Author not found in Open Library
Science,Sorting the Beef from the Bull: The Science of Food Fraud Forensics,Author not found in Open Library
Science,Tipping Point for Planet Earth: How Close Are We to the Edge?,Author not found in Open Library
Science,"The Fabric of the Cosmos: Space, Time, and the Texture of Reality",Author not found in Open Library
Science,Diary of a Citizen Scientist: Chasing Tiger Beetles and Other New Ways of Engaging the World,Author not found in Open Library
Science,"The Elegant Universe: Superstrings, Hidden Dimensions, and the Quest for the Ultimate Theory",Author not found in Open Library
Science,"The Disappearing Spoon: And Other True Tales of Madness, Love, and the History of the World from the Periodic Table of the Elements",Author not found in Open Library
Science,"Surely You're Joking, Mr. Feynman!: Adventures of a Curious Character",Author not found in Open Library
Poetry,You can't bury them all: Poems,Author not found in Open Library
Poetry,Slow States of Collapse: Poems,Author not found in Open Library
Poetry,Untitled Collection: Sabbath Poems 2014,Author not found in Open Library
Poetry,"Quarter Life Poetry: Poems for the Young, Broke and Hangry",Author not found in Open Library
Poetry,Out of Print: City Lights Spotlight No. 14,Author not found in Open Library
Poetry,Leave This Song Behind: Teen Poetry at Its Best,Author not found in Open Library
Poetry,The Collected Poems of W.B. Yeats (The Collected Works of W.B. Yeats #1),Author not found in Open Library
Paranormal,"Vampire Knight, Vol. 1 (Vampire Knight #1)",Author not found in Open Library
Art,Feathers: Displays of Brilliant Plumage,Author not found in Open Library
Art,Art and Fear: Observations on the Perils (and Rewards) of Artmaking,Author not found in Open Library
Psychology,The Lucifer Effect: Understanding How Good People Turn Evil,Author not found in Open Library
Psychology,The Golden Condom: And Other Essays on Love Lost and Found,Author not found in Open Library
Psychology,It Didn't Start with You: How Inherited Family Trauma Shapes Who We Are and How to End the Cycle,Author not found in Open Library
Psychology,An Unquiet Mind: A Memoir of Moods and Madness,Author not found in Open Library
Autobiography,Approval Junkie: Adventures in Caring Too Much,Author not found in Open Library
Parenting,Catastrophic Happiness: Finding Joy in Childhood's Messy Years,Author not found in Open Library
Adult Fiction,Fifty Shades Freed (Fifty Shades #3),Author not found in Open Library
Humor,The Long Haul (Diary of a Wimpy Kid #9),Author not found in Open Library
Humor,Old School (Diary of a Wimpy Kid #10),Author not found in Open Library
Humor,I Know What I'm Doing -- and Other Lies I Tell Myself: Dispatches from a Life Under Construction,Author not found in Open Library
Humor,"Hyperbole and a Half: Unfortunate Situations, Flawed Coping Mechanisms, Mayhem, and Other Things That Happened",Author not found in Open Library
Humor,Toddlers Are A**holes: It's Not Your Fault,Author not found in Open Library
Horror,Doctor Sleep (The Shining #2),Author not found in Open Library
Horror,Psycho: Sanitarium (Psycho #1.5),Author not found in Open Library
Horror,Can You Keep a Secret? (Fear Street Relaunch #4),Author not found in Open Library
Horror,Red Dragon (Hannibal Lecter #1),Author not found in Open Library
Horror,Night Shift (Night Shift #1-20),Author not found in Open Library
History,"Unbound: How Eight Technologies Made Us Human, Transformed Society, and Brought Our World to the Brink",Author not found in Open Library
History,"Political Suicide: Missteps, Peccadilloes, Bad Calls, Backroom Hijinx, Sordid Pasts, Rotten Breaks, and Just Plain Dumb Mistakes in the Annals of American Politics",Author not found in Open Library
History,A Distant Mirror: The Calamitous 14th Century,Author not found in Open Library
History,1491: New Revelations of the Americas Before Columbus,Author not found in Open Library
History,Brilliant Beacons: A History of the American Lighthouse,Author not found in Open Library
History,"""Most Blessed of the Patriarchs"": Thomas Jefferson and the Empire of the Imagination",Author not found in Open Library
History,Catherine the Great: Portrait of a Woman,Author not found in Open Library
History,The Mathews Men: Seven Brothers and the War Against Hitler's U-boats,Author not found in Open Library
History,America's War for the Greater Middle East: A Military History,Author not found in Open Library
History,"House of Lost Worlds: Dinosaurs, Dynasties, and the Story of Life on Earth",Author not found in Open Library
Food and Drink,"Foolproof Preserving: A Guide to Small Batch Jams, Jellies, Pickles, Condiments, and More: A Foolproof Guide to Making Small Batch Jams, Jellies, Pickles, Condiments, and More",Author not found in Open Library
Food and Drink,My Paris Kitchen: Recipes and Stories,Author not found in Open Library
Food and Drink,"Mama Tried: Traditional Italian Cooking for the Screwed, Crude, Vegan, and Tattooed",Author not found in Open Library
Food and Drink,"Layered: Baking, Building, and Styling Spectacular Cakes",Author not found in Open Library
Food and Drink,The Nerdy Nummies Cookbook: Sweet Treats for the Geek in All of Us,Author not found in Open Library
Food and Drink,The Love and Lemons Cookbook: An Apple-to-Zucchini Celebration of Impromptu Cooking,Author not found in Open Library
Food and Drink,The Cookies & Cups Cookbook: 125+ sweet & savory recipes reminding you to Always Eat Dessert First,Author not found in Open Library
Food and Drink,"Deliciously Ella Every Day: Quick and Easy Recipes for Gluten-Free Snacks, Packed Lunches, and Simple Meals",Author not found in Open Library
Food and Drink,The Help Yourself Cookbook for Kids: 60 Easy Plant-Based Recipes Kids Can Make to Stay Healthy and Save the Earth,Author not found in Open Library
Food and Drink,"It's All Easy: Healthy, Delicious Weeknight Meals in under 30 Minutes",Author not found in Open Library
Food and Drink,Barefoot Contessa at Home: Everyday Recipes You'll Make Over and Over Again,Author not found in Open Library
Food and Drink,My Kitchen Year: 136 Recipes That Saved My Life,Author not found in Open Library
Food and Drink,Everyday Italian: 125 Simple and Delicious Recipes,Author not found in Open Library
Food and Drink,"A la Mode: 120 Recipes in 60 Pairings: Pies, Tarts, Cakes, Crisps, and More Topped with Ice Cream, Gelato, Frozen Custard, and More",Author not found in Open Library
Food and Drink,Cravings: Recipes for What You Want to Eat,Author not found in Open Library
Food and Drink,"The Moosewood Cookbook: Recipes from Moosewood Restaurant, Ithaca, New York",Author not found in Open Library
Food and Drink,"Naturally Lean: 125 Nourishing Gluten-Free, Plant-Based Recipes--All Under 300 Calories",Author not found in Open Library
Food and Drink,How to Cook Everything Vegetarian: Simple Meatless Recipes for Great Food (How to Cook Everything),Author not found in Open Library
Food and Drink,How to Be a Domestic Goddess: Baking and the Art of Comfort Cooking,Author not found in Open Library
Food and Drink,Better Homes and Gardens New Cook Book,Author not found in Open Library
Food and Drink,The Power Greens Cookbook: 140 Delicious Superfood Recipes,Author not found in Open Library
Food and Drink,Mexican Today: New and Rediscovered Recipes for Contemporary Kitchens,Author not found in Open Library
Food and Drink,Vegan Vegetarian Omnivore: Dinner for Everyone at the Table,Author not found in Open Library
Food and Drink,"The Art of Simple Food: Notes, Lessons, and Recipes from a Delicious Revolution",Author not found in Open Library
Food and Drink,Hungry Girl Clean & Hungry: Easy All-Natural Recipes for Healthy Eating in the Real World,Author not found in Open Library
Christian Fiction,Shadows of the Past (Logan Point #1),Author not found in Open Library
Christian Fiction,Counted With the Stars (Out from Egypt #1),Author not found in Open Library
Christian Fiction,If I Run (If I Run #1),Author not found in Open Library
Business,The Third Wave: An Entrepreneurâs Vision of the Future,Author not found in Open Library
Business,The 10% Entrepreneur: Live Your Startup Dream Without Quitting Your Day Job,Author not found in Open Library
Business,Shoe Dog: A Memoir by the Creator of NIKE,Author not found in Open Library
Business,Made to Stick: Why Some Ideas Survive and Others Die,Author not found in Open Library
Business,Quench Your Own Thirst: Business Lessons Learned Over a Beer or Two,Author not found in Open Library
Business,Born for This: How to Find the Work You Were Meant to Do,Author not found in Open Library
Business,The E-Myth Revisited: Why Most Small Businesses Don't Work and What to Do About It,Author not found in Open Library
Biography,Louisa: The Extraordinary Life of Mrs. Adams,Author not found in Open Library
Biography,"Setting the World on Fire: The Brief, Astonishing Life of St. Catherine of Siena",Author not found in Open Library
Biography,The Faith of Christopher Hitchens: The Restless Soul of the World's Most Notorious Atheist,Author not found in Open Library
Biography,The Rise of Theodore Roosevelt (Theodore Roosevelt #1),Author not found in Open Library
Thriller,The Guilty (Will Robie #4),Author not found in Open Library
Thriller,The 14th Colony (Cotton Malone #11),Author not found in Open Library
Thriller,Killing Floor (Jack Reacher #1),Author not found in Open Library
Thriller,The Bone Hunters (Lexy Vaughan & Steven Macaulay #2),Author not found in Open Library
Thriller,Far From True (Promise Falls Trilogy #2),Author not found in Open Library
Contemporary,Someone Like You (The Harrisons #2),Author not found in Open Library
Spirituality,The Activist's Tao Te Ching: Ancient Advice for a Modern Revolution,Author not found in Open Library
Spirituality,Chasing Heaven: What Dying Taught Me About Living,Author not found in Open Library
Spirituality,If I Gave You God's Phone Number....: Searching for Spirituality in America,Author not found in Open Library
Spirituality,Unreasonable Hope: Finding Faith in the God Who Brings Purpose to Your Pain,Author not found in Open Library
Spirituality,A New Earth: Awakening to Your Life's Purpose,Author not found in Open Library
Academic,Logan Kade (Fallen Crest High #5.5),Author not found in Open Library
Self Help,Online Marketing for Busy Authors: A Step-By-Step Guide,Author not found in Open Library
Self Help,How to Be Miserable: 40 Strategies You Already Use,Author not found in Open Library
Self Help,"Overload: How to Unplug, Unwind, and Unleash Yourself from the Pressure of Stress",Author not found in Open Library
Historical,The Girl You Left Behind (The Girl You Left Behind #1),Author not found in Open Library
Christian,(Un)Qualified: How God Uses Broken People to Do Big Things,Author not found in Open Library
Christian,Blue Like Jazz: Nonreligious Thoughts on Christian Spirituality,Author not found in Open Library
Suspense,Silence in the Dark (Logan Point #4),Author not found in Open Library
Novels,Suzie Snowflake: One beautiful flake (a self-esteem story),Author not found in Open Library
Health,"The Bulletproof Diet: Lose up to a Pound a Day, Reclaim Energy and Focus, Upgrade Your Life",Author not found in Open Library
Health,10-Day Green Smoothie Cleanse: Lose Up to 15 Pounds in 10 Days!,Author not found in Open Library
Politics,Why the Right Went Wrong: Conservatism--From Goldwater to the Tea Party and Beyond,Author not found in Open Library
Politics,Equal Is Unfair: America's Misguided Fight Against Income Inequality,Author not found in Open Library
Crime,The Long Shadow of Small Ghosts: Murder and Memory in an American City,Author not found in Open Library
