Category,Book Title,UPC,Price
Poetry,A Light in the Attic,a897fe39b1053632,Â£51.77
Historical Fiction,Tipping the Velvet,90fa61229261140a,Â£53.74
Fiction,Soumission,6957f44c3847a760,Â£50.10
Mystery,Sharp Objects,e00eb4fd7b871a48,Â£47.82
History,Sapiens: A Brief History of Humankind,4165285e1663650f,Â£54.23
Young Adult,The Requiem Red,f77dbf2323deb740,Â£22.65
Business,The Dirty Little Secrets of Getting Your Dream Job,2597b5a345f45e1b,Â£33.34
Default,"The Coming Woman: A Novel Based on the Life of the Infamous Feminist, Victoria Woodhull",e72a5dfc7e9267b2,Â£17.93
Default,The Boys in the Boat: Nine Americans and Their Epic Quest for Gold at the 1936 Berlin Olympics,e10e1e165dc8be4a,Â£22.60
Poetry,The Black Maria,1dfe412b8ac00530,Â£52.15
Default,"Starving Hearts (Triangular Trade Trilogy, #1)",0312262ecafa5a40,Â£13.99
Poetry,Shakespeare's Sonnets,30a7f60cd76ca58c,Â£20.66
Young Adult,Set Me Free,ce6396b0f23f6ecc,Â£17.46
Sequential Art,Scott Pilgrim's Precious Little Life (Scott Pilgrim #1),3b1c02bac2a429e6,Â£52.29
Music,Rip it Up and Start Again,a34ba96d4081e6a4,Â£35.02
Music,"Our Band Could Be Your Life: Scenes from the American Indie Underground, 1981-1991",deda3e61b9514b83,Â£57.25
Poetry,Olio,feb7cc7701ecf901,Â£23.88
Science Fiction,Mesaerion: The Best Science Fiction Stories 1800-1849,e30f54cea9b38190,Â£37.59
Politics,Libertarianism for Beginners,a18a4f574854aced,Â£51.33
Travel,It's Only the Himalayas,a22124811bfa8350,Â£45.17
Thriller,In Her Wake,23356462d1320d61,Â£12.84
Music,How Music Works,327f68a59745c102,Â£37.32
Food and Drink,"Foolproof Preserving: A Guide to Small Batch Jams, Jellies, Pickles, Condiments, and More: A Foolproof Guide to Making Small Batch Jams, Jellies, Pickles, Condiments, and More",5674a18a29a43ced,Â£30.52
Romance,Chase Me (Paris Nights #2),c2e46a2ee3b4a322,Â£25.27
Romance,Black Dust,00bfed9e18bb36f3,Â£34.53
Childrens,Birdsong: A Story in Pictures,9528d0948525bf5f,Â£54.64
Default,America's Cradle of Quarterbacks: Western Pennsylvania's Football Factory from Johnny Unitas to Joe Montana,c7d160c2c0de586f,Â£22.50
Default,Aladdin and His Wonderful Lamp,904208d6aa64b655,Â£53.13
Nonfiction,Worlds Elsewhere: Journeys Around Shakespeareâs Globe,4c28def39d850cdf,Â£40.30
Art,Wall and Piece,ccd9ffa25efabdea,Â£44.18
Spirituality,The Four Agreements: A Practical Guide to Personal Freedom,6258a1f6a6dcfe50,Â£17.66
Nonfiction,The Five Love Languages: How to Express Heartfelt Commitment to Your Mate,3c039985229453bf,Â£31.05
Thriller,The Elephant Tree,5dada2b7be26bd03,Â£23.82
Childrens,The Bear and the Piano,9f6568e9c95f60b0,Â£36.89
Philosophy,Sophie's World,6be3beb0793a53e7,Â£15.94
Default,Penny Maybe,668fe56b17cfcd4f,Â£33.29
Default,Maude (1883-1993):She Grew Up with the country,094b269567e1c300,Â£18.02
Mystery,"In a Dark, Dark Wood",19ed25f4641d5efd,Â£19.63
Thriller,Behind Closed Doors,be5cc846f45496fb,Â£52.22
Poetry,You can't bury them all: Poems,55f9da0c5eea2e10,Â£33.63
Poetry,Slow States of Collapse: Poems,b4fd5943413e089a,Â£57.31
Nonfiction,Reasons to Stay Alive,c8f7f0cb1abb9cac,Â£26.41
Fiction,Private Paris (Private #10),b12b89017878a60d,Â£47.61
Nonfiction,#HigherSelfie: Wake Up Your Life. Free Your Soul. Find Your Tribe.,c27f6e1f185b0383,Â£23.11
New Adult,Without Borders (Wanderlove #1),acddfeab2a407640,Â£45.07
Contemporary,When We Collided,3ecb690d1542c568,Â£31.77
Fiction,"We Love You, Charlie Freeman",8d455c7539795d2a,Â£50.27
Poetry,Untitled Collection: Sabbath Poems 2014,657fe5ead67a7767,Â£14.27
Nonfiction,"Unseen City: The Majesty of Pigeons, the Discreet Charm of Snails & Other Wonders of the Urban Wilderness",d170b5a0da46380e,Â£44.18
Fantasy,Unicorn Tracks,7ae099f3898e0209,Â£18.78
History,"Unbound: How Eight Technologies Made Us Human, Transformed Society, and Brought Our World to the Brink",9a9d6e9bc555731e,Â£25.52
Sequential Art,Tsubasa: WoRLD CHRoNiCLE 2 (Tsubasa WoRLD CHRoNiCLE #2),09555be379ad9253,Â£16.28
Nonfiction,Throwing Rocks at the Google Bus: How Growth Became the Enemy of Prosperity,7858914fad68493c,Â£31.12
Sequential Art,This One Summer,51653ef291ab7ddc,Â£19.49
Fiction,Thirst,709822d0b5bcb7f4,Â£17.27
Add a comment,The Torch Is Passed: A Harding Family Story,4eed62cf5f8d8edf,Â£19.09
Childrens,The Secret of Dreadwillow Carse,b5ea0b5dabed25a8,Â£56.13
Food and Drink,"The Pioneer Woman Cooks: Dinnertime: Comfort Classics, Freezer Food, 16-Minute Meals, and Other Delicious Ways to Solve Supper!",142d767a56a9254d,Â£56.41
Mystery,The Past Never Ends,5ee94540d0749ea0,Â£56.50
Young Adult,The Natural History of Us (The Fine Art of Pretending #2),cedf82b5086e4691,Â£45.22
Sequential Art,The Nameless City (The Nameless City #1),7d385d34d12e60ff,Â£38.16
Fiction,The Murder That Never Was (Forensic Instincts #5),d01ac97e2b8947c2,Â£54.11
Science,The Most Perfect Thing: Inside (and Outside) a Bird's Egg,aadee1c326d286e3,Â£42.96
Add a comment,"The Mindfulness and Acceptance Workbook for Anxiety: A Guide to Breaking Free from Anxiety, Phobias, and Worry Using Acceptance and Commitment Therapy",31075275518532d7,Â£23.89
Nonfiction,The Life-Changing Magic of Tidying Up: The Japanese Art of Decluttering and Organizing,0da9aa9d24677fc0,Â£16.77
Default,"The Inefficiency Assassin: Time Management Tactics for Working Smarter, Not Longer",8c9e6bf2467d740d,Â£20.59
Nonfiction,The Gutsy Girl: Escapades for Your Life of Epic Adventure,acd86a5426e21ca0,Â£37.13
Nonfiction,The Electric Pencil: Drawings from Inside State Hospital No. 3,a30b270e25489e5c,Â£56.06
Philosophy,The Death of Humanity: and the Case for Life,bd261725b99f5983,Â£58.11
Health,"The Bulletproof Diet: Lose up to a Pound a Day, Reclaim Energy and Focus, Upgrade Your Life",43c6a960757cf559,Â£49.05
Add a comment,The Art Forger,80cfab6bcff3a244,Â£40.76
History,The Age of Genius: The Seventeenth Century and the Birth of the Modern Mind,a3d2a4250807f1e9,Â£19.73
Spirituality,The Activist's Tao Te Ching: Ancient Advice for a Modern Revolution,7d6d2a6c0276f81b,Â£32.24
Nonfiction,Spark Joy: An Illustrated Master Class on the Art of Organizing and Tidying Up,87b0615b6e1f4d7b,Â£41.83
Default,Soul Reader,e6af5bf1163c1151,Â£39.58
Horror,Security,6f78a0d744c35456,Â£39.25
Fantasy,"Saga, Volume 6 (Saga (Collected Editions) #6)",c849f0b2f5d6a742,Â£25.02
Sequential Art,"Saga, Volume 5 (Saga (Collected Editions) #5)",53a3d11bb568cc8b,Â£51.04
Nonfiction,Reskilling America: Learning to Labor in the Twenty-First Century,d7310206583a54b6,Â£19.83
Sequential Art,"Rat Queens, Vol. 3: Demons (Rat Queens (Collected Editions) #11-15)",c82a3e358c773c73,Â£50.40
Sequential Art,"Princess Jellyfish 2-in-1 Omnibus, Vol. 01 (Princess Jellyfish 2-in-1 Omnibus #1)",0fa6dceead7ce47a,Â£13.61
Fantasy,Princess Between Worlds (Wide-Awake Princess #5),0e691eda369f4e09,Â£13.34
Sequential Art,"Pop Gun War, Volume 1: Gift",e80f8e518b300dfe,Â£18.97
History,"Political Suicide: Missteps, Peccadilloes, Bad Calls, Backroom Hijinx, Sordid Pasts, Rotten Breaks, and Just Plain Dumb Mistakes in the Annals of American Politics",7392c0032f92d816,Â£36.28
Sequential Art,Patience,9429b4d59c537af5,Â£10.16
Sequential Art,"Outcast, Vol. 1: A Darkness Surrounds Him (Outcast #1)",889139b8e9c4cb36,Â£15.44
Sequential Art,orange: The Complete Collection 1 (orange: The Complete Collection #1),11809b1d323b3057,Â£48.41
Self Help,Online Marketing for Busy Authors: A Step-By-Step Guide,9ffa38d3b832433a,Â£46.35
Add a comment,On a Midnight Clear,b757c0c361e689ce,Â£14.07
Young Adult,Obsidian (Lux #1),3c346ab1e76ae1f6,Â£14.86
Food and Drink,My Paris Kitchen: Recipes and Stories,784bc2279baa878d,Â£33.37
Fantasy,Masks and Shadows,fa9610a50a1bf149,Â£56.40
Food and Drink,"Mama Tried: Traditional Italian Cooking for the Screwed, Crude, Vegan, and Tattooed",72f9d5be3472d34e,Â£14.02
Sequential Art,"Lumberjanes, Vol. 2: Friendship to the Max (Lumberjanes #5-8)",460089f796fb3f82,Â£46.91
Sequential Art,"Lumberjanes, Vol. 1: Beware the Kitten Holy (Lumberjanes #1-4)",b6ee99bcf06fc91f,Â£45.61
Sequential Art,Lumberjanes Vol. 3: A Terrible Plan (Lumberjanes #9-12),57e5a4d515c8ce44,Â£19.92
Food and Drink,"Layered: Baking, Building, and Styling Spectacular Cakes",7b75cc7f223791f4,Â£40.11
Add a comment,Judo: Seven Steps to Black Belt (an Introductory Guide for Beginners),228f74b74f3a08ae,Â£53.90
Science Fiction,Join,18ad3ed896c7ce05,Â£35.67
Nonfiction,In the Country We Love: My Family Divided,b136b1b180ca753a,Â£22.00
Science,Immunity: How Elie Metchnikoff Changed the Course of Modern Medicine,e4f74c16de34d440,Â£57.36
Sequential Art,"I Hate Fairyland, Vol. 1: Madly Ever After (I Hate Fairyland (Compilations) #1-5)",8d4eefad7a2b3915,Â£29.17
Sequential Art,I am a Hero Omnibus Volume 1,1c89ae5bb804e4de,Â£54.63
Self Help,How to Be Miserable: 40 Strategies You Already Use,a6f99b9e687f9d46,Â£46.03
Romance,Her Backup Boyfriend (The Sorensen Family #1),2a97cffe61c3c4c7,Â£33.97
Sequential Art,"Giant Days, Vol. 2 (Giant Days #5-8)",f2df3bb043a8abb0,Â£22.11
Historical Fiction,Forever and Forever: The Courtship of Henry Longfellow and Fanny Appleton,9beb96a2300109d7,Â£29.69
Romance,First and First (Five Boroughs #3),9e28048cea8d41f7,Â£15.97
Romance,Fifty Shades Darker (Fifty Shades #2),7add3f8e49ec0826,Â£21.96
Nonfiction,Everydata: The Misinformation Hidden in the Little Data You Consume Every Day,311c0dd0e354a33e,Â£54.35
Religion,"Don't Be a Jerk: And Other Practical Advice from Dogen, Japan's Greatest Zen Master",fce19f9b4a943f22,Â£37.97
Sequential Art,Danganronpa Volume 1,09b6cc87e62c2c58,Â£51.99
Fantasy,Crown of Midnight (Throne of Glass #2),7267864328ae8b9d,Â£43.29
Sequential Art,"Codename Baboushka, Volume 1: The Conclave of Death",8754c83ab2a7ae71,Â£36.72
Sequential Art,Camp Midnight,7b599c8bfcdd8d30,Â£17.08
Nonfiction,Call the Nurse: True Stories of a Country Nurse on a Scottish Isle,bee3672891cca906,Â£29.14
Young Adult,Burning,5ceb951f629700a2,Â£28.81
Default,Bossypants,74baabfc8fd84b38,Â£49.46
Sequential Art,"Bitch Planet, Vol. 1: Extraordinary Machine (Bitch Planet (Collected Editions))",bdf415fd484ea8a7,Â£37.92
Fantasy,"Avatar: The Last Airbender: Smoke and Shadow, Part 3 (Smoke and Shadow #3)",6d5300b2d8f37e07,Â£28.09
Nonfiction,Algorithms to Live By: The Computer Science of Human Decisions,38d45839cb1c83c1,Â£30.81
Default,A World of Flavor: Your Gluten Free Passport,70ed59f194b3c556,Â£42.95
Default,"A Piece of Sky, a Grain of Rice: A Memoir in Four Meditations",8a380641491d43ed,Â£56.76
Mystery,A Murder in Time,f733e8c19d40ec2e,Â£16.64
Historical Fiction,A Flight of Arrows (The Pathfinders #2),3a6fb983e2554023,Â£55.53
Young Adult,A Fierce and Subtle Poison,842790dfaa937484,Â£28.13
Fantasy,A Court of Thorns and Roses (A Court of Thorns and Roses #1),01d2001ac1e6f8a3,Â£52.37
Christian,(Un)Qualified: How God Uses Broken People to Do Big Things,e4ac92d89b946781,Â£54.00
Religion,You Are What You Love: The Spiritual Power of Habit,796c87ddbbaaf8c5,Â£21.87
Science Fiction,"William Shakespeare's Star Wars: Verily, A New Hope (William Shakespeare's Star Wars #4)",9270575728a13a61,Â£43.30
Fiction,Tuesday Nights in 1980,b8736690cf263a3c,Â£21.04
Default,Tracing Numbers on a Train,d7d6d50c1e3d0b81,Â£41.60
Fantasy,Throne of Glass (Throne of Glass #1),590a9cccf7db9f7d,Â£35.07
History,Thomas Jefferson and the Tripoli Pirates: The Forgotten War That Changed American History,de3f25248ba0789f,Â£59.64
Default,Thirteen Reasons Why,bc2a85fd35fdc7bd,Â£52.72
Childrens,The White Cat and the Monk: A Retelling of the Poem âPangur BÃ¡nâ,37c0cb19713d8dda,Â£58.08
Romance,The Wedding Dress,623e1a180426039b,Â£24.12
Fiction,The Vacationers,fd3a622648667296,Â£42.15
Business,The Third Wave: An Entrepreneurâs Vision of the Future,3bebf34ee9330cbd,Â£12.61
Philosophy,The Stranger,f5a92cff83897d48,Â£17.44
Sequential Art,The Shadow Hero (The Shadow Hero),d6361d16212664ed,Â£33.14
Default,The Secret (The Secret #1),961f18db4f138211,Â£27.37
Fiction,The Regional Office Is Under Attack!,0651062381f0636a,Â£51.36
Default,The Psychopath Test: A Journey Through the Madness Industry,e98a4efa85070c2f,Â£36.00
Science Fiction,The Project,790ef197c8f236f5,Â£10.65
Nonfiction,The Power of Now: A Guide to Spiritual Enlightenment,8ec14b1576cb7cb5,Â£43.54
Nonfiction,The Omnivore's Dilemma: A Natural History of Four Meals,209adad1015af86f,Â£38.21
Food and Drink,The Nerdy Nummies Cookbook: Sweet Treats for the Geek in All of Us,e4c7f3487d17fd42,Â£37.34
Mystery,The Murder of Roger Ackroyd (Hercule Poirot #4),c7b5183f4d1d4efe,Â£44.10
New Adult,The Mistake (Off-Campus #2),99ff4cc6491e8f5c,Â£43.29
New Adult,The Matchmaker's Playbook (Wingmen Inc. #1),08db62f24627e71f,Â£55.85
Food and Drink,The Love and Lemons Cookbook: An Apple-to-Zucchini Celebration of Impromptu Cooking,e28e330cbdf01126,Â£37.60
Crime,The Long Shadow of Small Ghosts: Murder and Memory in an American City,abeafe151a587d3b,Â£10.97
Default,The Kite Runner,eac1a180047ad54e,Â£41.82
Historical Fiction,The House by the Lake,9287e238d7c3b06e,Â£36.95
Fantasy,The Glittering Court (The Glittering Court #1),2dbb7ec08cdd7f3c,Â£44.28
Default,The Girl on the Train,e956d67c9bcc5809,Â£55.02
Nonfiction,The Genius of Birds,42d0d7c92b75fc1c,Â£17.24
Default,The Emerald Mystery,d6670dfe3e7b42bd,Â£23.15
Food and Drink,The Cookies & Cups Cookbook: 125+ sweet & savory recipes reminding you to Always Eat Dessert First,96a38e7c813d8f1d,Â£41.25
Default,The Bridge to Consciousness: I'm Writing the Bridge Between Science and Our Old and New Beliefs.,efc3768127714ec3,Â£32.00
Nonfiction,The Artist's Way: A Spiritual Path to Higher Creativity,dd047728de72ad62,Â£38.49
Default,The Art of War,e7469e22b5bfb3e7,Â£33.34
Autobiography,The Argonauts,c99761a700ade23f,Â£10.93
Business,The 10% Entrepreneur: Live Your Startup Dream Without Quitting Your Day Job,56e4f9eab2e8e674,Â£27.55
Romance,Suddenly in Love (Lake Haven #1),203b7f94b7d6115f,Â£55.99
Romance,Something More Than This,ca71e72655bece85,Â£16.24
Science Fiction,Soft Apocalypse,2a70769cdc6eb8b8,Â£26.12
Nonfiction,So You've Been Publicly Shamed,1b33663ad7b95fd8,Â£12.23
Business,Shoe Dog: A Memoir by the Creator of NIKE,0e0dcc3339602b28,Â£23.99
Add a comment,"Shobu Samurai, Project Aryoku (#3)",0c27e6c3744fc14b,Â£29.06
Default,Secrets and Lace (Fatal Hearts #1),ad04ad9fc179fc5d,Â£20.27
Young Adult,Scarlett Epstein Hates It Here,1c929cfd16b71907,Â£43.55
Default,Romero and Juliet: A Tragic Tale of Love and Zombies,e656e280bc8edd56,Â£36.94
Christian Fiction,Redeeming Love,b53db2271c9624f7,Â£20.47
Default,Poses for Artists Volume 1 - Dynamic and Sitting Poses: An Essential Reference for Figure Drawing and the Human Form,d9c643fa1fc57bdb,Â£41.06
Poetry,Poems That Make Grown Women Cry,31001a1210623bd4,Â£14.19
Young Adult,"Nightingale, Sing",50b8f80311b31ede,Â£38.28
Poetry,Night Sky with Exit Wounds,cfeb1e1e0e695b58,Â£41.05
Historical Fiction,Mrs. Houdini,a40723994f715420,Â£30.25
Add a comment,Modern Romance,caf4fe9311f1dc59,Â£28.26
Default,Miss Peregrineâs Home for Peculiar Children (Miss Peregrineâs Peculiar Children #1),af96613fdd793a3c,Â£10.76
Biography,Louisa: The Extraordinary Life of Mrs. Adams,d69dd8dac66f9f84,Â£16.85
Childrens,Little Red,4aa03792b50f0b22,Â£13.47
Young Adult,Library of Souls (Miss Peregrineâs Peculiar Children #3),ba54932df84e8cea,Â£48.56
Default,Large Print Heart of the Pride,c1afd71fc86bf682,Â£19.15
Womens Fiction,I Had a Nice Time And Other Lies...: How to find love & sh*t like that,fd8585283fc7d2d7,Â£57.36
Fantasy,Hollow City (Miss Peregrineâs Peculiar Children #2),4ce91d31c1e57c33,Â£42.98
Default,Grumbles,d163dd6c352fbcd2,Â£22.16
Travel,Full Moon over Noahâs Ark: An Odyssey to Mount Ararat and Beyond,ce60436f52c5ee68,Â£49.43
Young Adult,Frostbite (Vampire Academy #2),116a2fdc9a45bab0,Â£29.99
Horror,Follow You Home,8585760646e3aa2a,Â£21.36
Default,First Steps for New Christians (Print Edition),2f88b08bf0a0e367,Â£29.00
Fiction,Finders Keepers (Bill Hodges Trilogy #2),edb3097e71330040,Â£53.53
Sequential Art,"Fables, Vol. 1: Legends in Exile (Fables #1)",65d034adf80834b7,Â£41.62
Default,Eureka Trivia 6.0,29c0025455f8c585,Â£54.59
Default,Drive: The Surprising Truth About What Motivates Us,6ffb36aaeff1c81e,Â£34.95
Default,Done Rubbed Out (Reightman & Bailey #1),f6d967cdadc6fbd9,Â£37.72
Romance,Doing It Over (Most Likely To #1),3a11bb962ff45b78,Â£35.61
Food and Drink,"Deliciously Ella Every Day: Quick and Easy Recipes for Gluten-Free Snacks, Packed Lunches, and Simple Meals",46c1530d7546ea6d,Â£42.16
Erotica,Dark Notes,88c21fcd38e2486e,Â£19.19
Nonfiction,"Daring Greatly: How the Courage to Be Vulnerable Transforms the Way We Live, Love, Parent, and Lead",3b9a3b4624b7fd6d,Â£19.43
Christian Fiction,Close to You,a57b1dcbd6849222,Â£49.46
Spirituality,Chasing Heaven: What Dying Taught Me About Living,513271dadc1322ae,Â£37.80
Nonfiction,Big Magic: Creative Living Beyond Fear,1f329c2e7d7de8bd,Â£30.80
Nonfiction,Becoming Wise: An Inquiry into the Mystery and Art of Living,919e7cb2269a25d2,Â£27.43
Default,Beauty Restored (Riley Family Legacy Novellas #3),3f69e667a67e54d9,Â£11.11
Sequential Art,Batman: The Long Halloween (Batman),7edc0527cf782e19,Â£36.50
Sequential Art,Batman: The Dark Knight Returns (Batman),47271d8e08b5d31c,Â£15.38
Default,Ayumi's Violin,05f7c6d9a4e582d3,Â£15.48
Default,Anonymous,d24b829be2ca81c4,Â£46.82
Default,Amy Meets the Saints and Sages,7ebfa6c1bee69e1e,Â£18.46
Cultural,Amid the Chaos,bb8245f52c7cce8f,Â£36.58
Default,Amatus,ffd54178acc9a6a5,Â£50.54
Nonfiction,Agnostic: A Spirited Manifesto,d195e7f4ed697350,Â£12.51
History,Zealot: The Life and Times of Jesus of Nazareth,dd5bfa6cc2c0ecc3,Â£24.70
Thriller,You (You #1),024387ca4cafd5cc,Â£43.61
Sequential Art,"Wonder Woman: Earth One, Volume One (Wonder Woman: Earth One #1)",047097293bb4d1c0,Â£37.34
Young Adult,Wild Swans,3fb15ace50d6142b,Â£14.36
Politics,Why the Right Went Wrong: Conservatism--From Goldwater to the Tea Party and Beyond,2b5054a4192e9b06,Â£52.65
Nonfiction,Whole Lotta Creativity Going On: 60 Fun and Unusual Exercises to Awaken and Strengthen Your Creativity,44a10f1ac8ce822e,Â£38.20
Nonfiction,What's It Like in Space?: Stories from Astronauts Who've Been There,6fd646a334e6e133,Â£19.60
Sequential Art,"We Are Robin, Vol. 1: The Vigilante Business (We Are Robin #1)",92275cedf6d8ee15,Â£53.90
Childrens,Walt Disney's Alice in Wonderland,6a31307a81e8f3a8,Â£12.96
Default,V for Vendetta (V for Vendetta Complete),4a1debca3135ff37,Â£37.10
Young Adult,Until Friday Night (The Field Party #1),aba2db9afb1469c7,Â£46.31
Default,"Unbroken: A World War II Story of Survival, Resilience, and Redemption",76c84daa539426e2,Â£45.95
Childrens,Twenty Yawns,1d6443ffba9dfd80,Â£22.08
Sequential Art,Through the Woods,6e44bcbeac7f4360,Â£25.38
Young Adult,This Is Where It Ends,f0f38174a7e689a3,Â£27.12
Nonfiction,The Year of Magical Thinking,34c0d7c4ee5650af,Â£43.04
Default,The Wright Brothers,08b2f71d93836313,Â£56.80
Add a comment,The White Queen (The Cousins' War #1),6875c5657661b2fb,Â£25.91
Romance,The Wedding Pact (The O'Malleys #2),c5cb9f885d8b3621,Â£32.61
Fiction,The Time Keeper,e9906e2f0d189745,Â£27.88
Fiction,The Testament of Mary,081305e6df719dff,Â£52.67
Fantasy,The Star-Touched Queen,1528279aec1f3dce,Â£46.02
Default,The Songs of the Gods,00c4543ec6bd25b4,Â£44.48
Add a comment,The Song of Achilles,e88fb1c9397cfb27,Â£37.40
Default,The Rosie Project (Don Tillman #1),012094e90a4b908d,Â£54.04
Default,The Power of Habit: Why We Do What We Do in Life and Business,6bdd909329435e80,Â£16.88
Historical Fiction,The Marriage of Opposites,52cf2a5933ec5d8f,Â£28.08
Psychology,The Lucifer Effect: Understanding How Good People Turn Evil,4e812d32d64e2431,Â£10.40
Humor,The Long Haul (Diary of a Wimpy Kid #9),f21effc079a2b38a,Â£44.07
Horror,The Loney,2d88a31f325dfd3b,Â£23.40
Nonfiction,The Literature Book (Big Ideas Simply Explained),4881cc53f6c8892f,Â£17.43
Mystery,The Last Mile (Amos Decker #2),3bc89353f7e3a3cc,Â£54.21
Add a comment,The Immortal Life of Henrietta Lacks,f72f61ad6a5f12ed,Â£40.67
Fantasy,The Hidden Oracle (The Trials of Apollo #1),992974ba6a0536ea,Â£52.26
Food and Drink,The Help Yourself Cookbook for Kids: 60 Easy Plant-Based Recipes Kids Can Make to Stay Healthy and Save the Earth,ddc8340dabc8641b,Â£28.77
Thriller,The Guilty (Will Robie #4),847935fc68707426,Â£13.82
Fiction,The First Hostage (J.B. Collins #2),a86972014275e072,Â£25.85
Add a comment,The Dovekeepers,3d76bc83c6b644c9,Â£48.78
Young Adult,The Darkest Lie,6edacfd1f8ebb9eb,Â£35.35
Fantasy,The Bane Chronicles (The Bane Chronicles #1-11),dc6f688b82e42a5b,Â£44.73
Nonfiction,The Bad-Ass Librarians of Timbuktu: And Their Race to Save the Worldâs Most Precious Manuscripts,923831a05c9f91f7,Â£15.77
Thriller,The 14th Colony (Cotton Malone #11),1b8187fa4bf6ab05,Â£39.24
Mystery,That Darkness (Gardiner and Renner #1),0c7b9cf2b7662b65,Â£13.92
Mystery,Tastes Like Fear (DI Marnie Rome #3),2d1e337aaf341858,Â£10.69
Fiction,Take Me with You,2c04320e110a14a3,Â£45.21
Nonfiction,Swell: A Year of Waves,4c8b7540409da4ac,Â£45.58
Sequential Art,Superman Vol. 1: Before Truth (Superman by Gene Luen Yang #1),ac8e3949d284e9a9,Â£11.89
Fiction,Still Life with Bread Crumbs,fe44cc816576c652,Â£26.41
Default,Steve Jobs,95019eac1c0a052f,Â£39.50
Science,Sorting the Beef from the Bull: The Science of Food Fraud Forensics,3edcccc4f341fb1a,Â£44.74
Contemporary,Someone Like You (The Harrisons #2),a278db6b2b09cf9f,Â£52.79
Sequential Art,"So Cute It Hurts!!, Vol. 6 (So Cute It Hurts!! #6)",394f6d30cafc3edb,Â£35.43
Fiction,Shtum,830fb3967c74866d,Â£55.84
Travel,See America: A Celebration of Our National Parks & Treasured Sites,f9705c362f070608,Â£48.87
Poetry,salt.,86cbddb61ea78bb7,Â£46.78
Sequential Art,Robin War,85b2176b3b194030,Â£47.82
Sequential Art,"Red Hood/Arsenal, Vol. 1: Open for Business (Red Hood/Arsenal #1)",31e2e2d9cca3778f,Â£25.48
Childrens,Rain Fish,a6454e329f872b78,Â£23.57
Poetry,"Quarter Life Poetry: Poems for the Young, Broke and Hangry",aa35446aab16017f,Â£50.89
Horror,Pet Sematary,af58a74e4b2a23a0,Â£10.56
Self Help,"Overload: How to Unplug, Unwind, and Unleash Yourself from the Pressure of Stress",8ecf0356a3878811,Â£52.15
Childrens,Once Was a Time,e34efcc824685332,Â£18.28
Humor,Old School (Diary of a Wimpy Kid #10),02b74068fa98d8a4,Â£11.83
Nonfiction,No Dream Is Too High: Life Lessons From a Man Who Walked on the Moon,132ec5e8c984adef,Â£21.95
Sequential Art,"Naruto (3-in-1 Edition), Vol. 14: Includes Vols. 40, 41 & 42 (Naruto: Omnibus #14)",71e36f33981ddb74,Â£38.39
Fiction,My Name Is Lucy Barton,727bf2b86b19ad88,Â£41.56
Fiction,My Mrs. Brown,cc82685d9f49bc2c,Â£24.48
Young Adult,My Kind of Crazy,137b0b2775701e11,Â£40.36
Fiction,Mr. Mercedes (Bill Hodges Trilogy #1),caa2e5b3fb1b2d4c,Â£28.90
Add a comment,More Than Music (Chasing the Dream #1),47d47155e89c8be7,Â£37.61
Business,Made to Stick: Why Some Ideas Survive and Others Die,b96fc7a0ea7d4b45,Â£38.85
Childrens,Luis Paints the World,5b43cae640f2338a,Â£53.95
Default,Luckiest Girl Alive,d512871626a5e588,Â£49.83
Sequential Art,Lowriders to the Center of the Earth (Lowriders in Space #2),a10c7515834240f3,Â£51.51
Music,Love Is a Mix Tape (Music #1),adb5f51c2e2ab13f,Â£18.03
Nonfiction,Looking for Lovely: Collecting the Moments that Matter,24af96df0bafb925,Â£29.14
Default,"Living Leadership by Insight: A Good Leader Achieves, a Great Leader Builds Monuments",17fb5a88180f9904,Â£46.91
Nonfiction,Let It Out: A Journey Through Journaling,1174156c4a0eccaa,Â£26.79
Default,Lady Midnight (The Dark Artifices #1),708345c9897fd7c5,Â£16.28
Food and Drink,"It's All Easy: Healthy, Delicious Weeknight Meals in under 30 Minutes",245e6bf08b8d2955,Â£19.55
Fantasy,Island of Dragons (Unwanteds #7),2b52334fab158861,Â£29.65
Humor,I Know What I'm Doing -- and Other Lies I Tell Myself: Dispatches from a Life Under Construction,b8a8ff84233f0570,Â£25.98
Fiction,I Am Pilgrim (Pilgrim #1),aeff7b87a8e83ebb,Â£10.60
Humor,"Hyperbole and a Half: Unfortunate Situations, Flawed Coping Mechanisms, Mayhem, and Other Things That Happened",fbb21a2f71f4d981,Â£14.75
Default,"Hush, Hush (Hush, Hush #1)",6b6cd77fbc91b7a6,Â£47.02
Romance,Hold Your Breath (Search and Rescue #1),0b165bd4b9f42fd5,Â£28.82
Nonfiction,Hamilton: The Revolution,afa829857f82f99e,Â£58.79
Default,Greek Mythic History,f201f263d8c23f97,Â£10.23
Religion,God: The Most Unpleasant Character in All Fiction,eec424a84c9e4c68,Â£30.03
Historical Fiction,Glory over Everything: Beyond The Kitchen House,de4b403cb629a29f,Â£45.84
Art,Feathers: Displays of Brilliant Plumage,9194ae88379dbf1a,Â£49.05
Nonfiction,"Far & Away: Places on the Brink of Change: Seven Continents, Twenty-Five Years",ac4dde0d1be05de0,Â£15.06
Default,Every Last Word,a2bd4ca82d908442,Â£46.47
Fiction,Eligible (The Austen Project #4),9eaf58b03a2779cc,Â£27.09
Sequential Art,El Deafo,27c5968fe43cc06e,Â£57.62
Fiction,Eight Hundred Grapes,1d6dd0c87d90fe92,Â£14.39
Nonfiction,"Eaternity: More than 150 Deliciously Easy Vegan Recipes for a Long, Healthy, Satisfied, Joyful Life",a01f6d368ef64dc5,Â£51.75
Health,"Eat Fat, Get Thin",047dfa57ba0bf638,Â£54.07
Young Adult,Don't Get Caught,ad2887ce04583910,Â£55.35
Horror,Doctor Sleep (The Shining #2),bf5de316a5e9a4ab,Â£40.12
Fantasy,Demigods & Magicians: Percy and Annabeth Meet the Kanes (Percy Jackson & Kane Chronicles Crossover #1-3),3c6fe637a0180b01,Â£37.51
Fiction,Dear Mr. Knightley,94a958ea126cdcd5,Â£11.21
Default,Daily Fantasy Sports,0e94a089328be4bc,Â£36.58
Christian,Crazy Love: Overwhelmed by a Relentless God,4b9d9cfe0f435788,Â£47.72
Fiction,Cometh the Hour (The Clifton Chronicles #6),28cf0d1c51b491e5,Â£25.01
Add a comment,Code Name Verity (Code Name Verity #1),33a3e0e3ffde0dcd,Â£22.13
Default,Clockwork Angel (The Infernal Devices #1),42b0c50fc44140ec,Â£44.14
Fantasy,City of Glass (The Mortal Instruments #3),966ebb738e0f9d9b,Â£56.02
Default,City of Fallen Angels (The Mortal Instruments #4),1e264c677d4ee4ae,Â£11.23
Default,City of Bones (The Mortal Instruments #1),5b987e54ee72525c,Â£43.28
Default,City of Ashes (The Mortal Instruments #2),8a6ec2761f91dad2,Â£47.27
Add a comment,Cell,bfbb54bc8cdeed2b,Â£20.29
Young Adult,Catching Jordan (Hundred Oaks),e2e7b683b4c15b7d,Â£50.83
Default,"Carry On, Warrior: Thoughts on Life Unarmed",1b0fc9f777cad045,Â£31.85
Default,Carrie,5f22418922fa728b,Â£46.23
Nonfiction,Buying In: The Secret Dialogue Between What We Buy and Who We Are,16ef91b9d827859c,Â£37.80
Nonfiction,Brain on Fire: My Month of Madness,a80f66b254fe9eb3,Â£49.32
Sequential Art,Batman: Europa,bf68dcb5fad3cc8c,Â£32.01
Food and Drink,Barefoot Contessa Back to Basics,999912e63a3262ae,Â£28.01
Food and Drink,Barefoot Contessa at Home: Everyday Recipes You'll Make Over and Over Again,0e0da9192a025efc,Â£50.62
Fiction,Balloon Animals,9b65f676984c9f0c,Â£17.03
Sequential Art,Art Ops Vol. 1,ffdc825785c0ede8,Â£48.80
Young Adult,Aristotle and Dante Discover the Secrets of the Universe (Aristotle and Dante Discover the Secrets of the Universe #1),41164b8ac02a2c42,Â£58.14
Add a comment,Angels Walking (Angels Walking #1),1fbb5f786e53a0ce,Â£34.20
Default,Angels & Demons (Robert Langdon #1),ad41c24ccac0c7ce,Â£51.48
Historical,All the Light We Cannot See,39861fc1c0845d15,Â£29.87
Sequential Art,"Adulthood Is a Myth: A ""Sarah's Scribbles"" Collection",5319169a72714c62,Â£10.90
Nonfiction,Abstract City,cf1aa2fc02a7d1e0,Â£56.37
Mystery,A Time of Torment (Charlie Parker #14),4416c474713ec1f5,Â£48.35
Mystery,A Study in Scarlet (Sherlock Holmes #1),63ee5bc46066a8a8,Â£16.73
Add a comment,"A Series of Catastrophes and Miracles: A True Story of Love, Science, and Cancer",c1379d3744f1dd2c,Â£56.48
Add a comment,A People's History of the United States,1ad06aed9349af46,Â£40.79
Fiction,A Man Called Ove,8682c03de6a844ff,Â£39.72
History,A Distant Mirror: The Calamitous 14th Century,d5e0526e1ab682a3,Â£14.58
Add a comment,A Brush of Wings (Angels Walking #3),01a177623cce9596,Â£55.51
History,1491: New Revelations of the Americas Before Columbus,6e8e5626ac4d279e,Â£21.80
Default,"The Three Searches, Meaning, and the Story",ac5e0d3938caf686,Â£13.33
Fantasy,Searching for Meaning in Gailana,2f0213137a80d485,Â£38.73
Add a comment,Rook,44d97b6707dae3f0,Â£37.86
Food and Drink,My Kitchen Year: 136 Recipes That Saved My Life,8bbd7df8a324f31d,Â£11.53
Nonfiction,13 Hours: The Inside Account of What Really Happened In Benghazi,4be9d1910f8a4e80,Â£27.06
Womens Fiction,Will You Won't You Want Me?,077b635ff2afc578,Â£13.86
Science,Tipping Point for Planet Earth: How Close Are We to the Edge?,148715df5a02ea5e,Â£37.55
Fantasy,The Star-Touched Queen,4a7a25be293ad678,Â£32.30
Fiction,The Silent Sister (Riley MacPherson #1),ce1ae197ada2aec4,Â£46.29
Add a comment,The Midnight Watch: A Novel of the Titanic and the Californian,14e44163678e24dc,Â£26.20
Nonfiction,The Lonely City: Adventures in the Art of Being Alone,582a21a1dbbef3cf,Â£33.26
Add a comment,The Gray Rhino: How to Recognize and Act on the Obvious Dangers We Ignore,3063c7e95d0bf76f,Â£59.15
Psychology,The Golden Condom: And Other Essays on Love Lost and Found,235fa48eeed11d82,Â£39.43
Young Adult,The Epidemic (The Program 0.6),f732d7d18a91d2ba,Â£14.44
Fiction,The Dinner Party,c6ca293d4810e0d5,Â£56.54
Nonfiction,The Diary of a Young Girl,54fc03f1e1d355db,Â£59.90
Add a comment,The Children,64fd010bf8d15096,Â£11.88
Young Adult,Stars Above (The Lunar Chronicles #4.5),b63ea3f7a57ae099,Â£48.05
Nonfiction,Snatched: How A Drug Queen Went Undercover for the DEA and Was Kidnapped By Colombian Guerillas,f40fea200e0c644f,Â£21.21
Default,Raspberry Pi Electronics Projects for the Evil Genius,ebf81a62e4798fd1,Â£49.67
Business,Quench Your Own Thirst: Business Lessons Learned Over a Beer or Two,8976d9161c027142,Â£43.14
Horror,Psycho: Sanitarium (Psycho #1.5),b8d7b3f5c7a95d65,Â£36.97
Mystery,Poisonous (Max Revere Novels #3),abdd91e96515a617,Â£26.80
Add a comment,One with You (Crossfire #5),81ef44fcc5f454df,Â£15.71
Young Adult,No Love Allowed (Dodge Cove #1),db84624b151cbe06,Â£54.65
Mystery,Murder at the 42nd Street Library (Raymond Ambler #1),e7fe3bf2768602cf,Â£54.36
Mystery,Most Wanted,c039f5aceb093537,Â£35.28
Historical Fiction,"Love, Lies and Spies",9546d537fbf99eb6,Â£20.55
Default,How to Speak Golf: An Illustrated Guide to Links Lingo,b978c9852cde91bd,Â£58.32
Mystery,Hide Away (Eve Duncan #20),bddc6fd036eb6279,Â£11.84
Nonfiction,Furiously Happy: A Funny Book About Horrible Things,c6a29d6df8de968c,Â£41.46
Food and Drink,Everyday Italian: 125 Simple and Delicious Recipes,76319fe9d8b465a3,Â£20.10
Politics,Equal Is Unfair: America's Misguided Fight Against Income Inequality,3968e3fbf4695d7c,Â£56.86
Default,Eleanor & Park,6983328f15506cb9,Â£56.51
Romance,Dirty (Dive Bar #1),df7e628bad5782b4,Â£40.83
Horror,Can You Keep a Secret? (Fear Street Relaunch #4),d069086944f2e330,Â£48.64
Mystery,Boar Island (Anna Pigeon #19),49b24c6a41b82bd2,Â£59.48
Historical Fiction,A Paris Apartment,63343e287971bb0c,Â£39.01
Food and Drink,"A la Mode: 120 Recipes in 60 Pairings: Pies, Tarts, Cakes, Crisps, and More Topped with Ice Cream, Gelato, Frozen Custard, and More",a4eef523118805ef,Â£38.77
Default,Troublemaker: Surviving Hollywood and Scientology,515cb8fcafb1ad98,Â£48.39
Mystery,The Widow,6159d8b187831770,Â£27.26
Nonfiction,"The Sleep Revolution: Transforming Your Life, One Night at a Time",985991708c47003e,Â£11.68
Fiction,The Improbability of Love,437d8dea9272d0a9,Â£59.45
Business,The Art of Startup Fundraising,1c584f82a7a1c4f0,Â£21.00
Romance,Take Me Home Tonight (Rock Star Romance #3),cf62fa272b5f0fa3,Â£53.98
Science Fiction,Sleeping Giants (Themis Files #1),f435aa99d864077d,Â£48.74
Biography,"Setting the World on Fire: The Brief, Astonishing Life of St. Catherine of Siena",b06599b108e83f98,Â£21.15
Mystery,Playing with Fire,05a61a3bd8ca4149,Â£13.71
Romance,Off the Hook (Fishing for Trouble #1),b783ce08802cd1d1,Â£47.67
Fiction,Mothering Sunday,47e1b2d43f709995,Â£13.34
Nonfiction,"Mother, Can You Not?",28b2df9fadc9f07e,Â£16.89
Autobiography,M Train,5569c3fea112718e,Â£27.18
Historical Fiction,Lilac Girls,bade9943ee01b63f,Â£17.28
Fiction,Lies and Other Acts of Love,469508882dfc1991,Â£45.14
Autobiography,Lab Girl,825d6c44da3ca5a6,Â£40.85
Womens Fiction,Keep Me Posted,20dc4f1ac5d4fd9c,Â£20.46
Psychology,It Didn't Start with You: How Inherited Family Trauma Shapes Who We Are and How to End the Cycle,ce8666d9b42fc9a0,Â£56.27
Womens Fiction,Grey (Fifty Shades #4),b5953ca1f8a0b8d7,Â£48.49
Young Adult,"Exit, Pursued by a Bear",c65c25d990fc7025,Â£51.34
Fiction,Daredevils,f608c903c451f387,Â£16.34
Food and Drink,Cravings: Recipes for What You Want to Eat,2587c54f5530dafc,Â£20.50
Business,Born for This: How to Find the Work You Were Meant to Do,816180220e8cb419,Â£21.59
Science Fiction,Arena,2c34f9432069b52b,Â£21.36
Default,Adultery,bb967277222e689c,Â£20.88
Nonfiction,A Mother's Reckoning: Living in the Aftermath of Tragedy,2b69dec0193511d9,Â£19.53
Romance,A Gentleman's Position (Society of Gentlemen #3),40c4bf520c17de54,Â£14.75
Fiction,11/22/63,a9d7b75461084a26,Â£48.48
Nonfiction,"10% Happier: How I Tamed the Voice in My Head, Reduced Stress Without Losing My Edge, and Found Self-Help That Actually Works",34669b2e9d407d3a,Â£24.57
Health,10-Day Green Smoothie Cleanse: Lose Up to 15 Pounds in 10 Days!,96aa539bfd4c07e2,Â£49.71
Add a comment,Without Shame,ab60e6f5a63e1cfb,Â£48.27
Add a comment,Watchmen,d1848064c54e01c7,Â£58.05
Default,Unlimited Intuition Now,4fd0a2a350f016e6,Â£58.87
Default,Underlying Notes,0967effecd292a86,Â£11.82
Fiction,The Shack,903a9f8090104c2c,Â£28.03
Default,The New Brand You: Your New Image Makes the Sale for You,4b50fb1359ebf35d,Â£44.05
Food and Drink,"The Moosewood Cookbook: Recipes from Moosewood Restaurant, Ithaca, New York",65cfc9f242c2984a,Â£12.34
Default,The Flowers Lied,33396269bcce166f,Â£16.68
Science,"The Fabric of the Cosmos: Space, Time, and the Texture of Reality",ca74f2e3c35a3e77,Â£55.91
Religion,The Book of Mormon,3f25a2fedae191cc,Â£24.57
Health,The Art and Science of Low Carbohydrate Living,f9c87ccb2bc4853b,Â£52.98
Young Adult,The Alien Club,e77594ece9b9d1fe,Â£54.40
Novels,Suzie Snowflake: One beautiful flake (a self-esteem story),0e095ed785af7e43,Â£54.81
Childrens,Nap-a-Roo,913e7109cec0cb4c,Â£25.08
Default,"NaNo What Now? Finding your editing process, revising your NaNoWriMo book and building a writing career through publishing and beyond",ee6c67859d70186b,Â£10.41
Default,Modern Day Fables,6baac632f7711e26,Â£47.44
Spirituality,If I Gave You God's Phone Number....: Searching for Spirituality in America,8fab4c4f6f82a4ce,Â£20.91
Sequential Art,"Fruits Basket, Vol. 9 (Fruits Basket #9)",97187f5cf0385da3,Â£33.95
Humor,Dress Your Family in Corduroy and Denim,7e9068872228c474,Â£43.68
Young Adult,Don't Forget Steven,e845d305f64154f1,Â£33.23
Nonfiction,Chernobyl 01:23:40: The Incredible True Story of the World's Worst Nuclear Disaster,7186241e043de5dc,Â£35.92
Art,Art and Fear: Observations on the Perils (and Rewards) of Artmaking,d6d9ffea95f2f8bf,Â£48.63
Fantasy,A Shard of Ice (The Black Symphony Saga #1),63d5f1651880dcea,Â£56.63
Add a comment,A Hero's Curse (The Unseen Chronicles #1),c181ca8eabe7d18c,Â£50.49
Add a comment,23 Degrees South: A Tropical Tale of Changing Whether...,61cf7eb9d2cd8bb0,Â£35.79
Nonfiction,"Zero to One: Notes on Startups, or How to Build the Future",e77033ce559947f7,Â£34.06
Nonfiction,Why Not Me?,04f6c929888f4f11,Â£17.76
Nonfiction,When Breath Becomes Air,b69c852e7e3956af,Â£39.36
Travel,Vagabonding: An Uncommon Guide to the Art of Long-Term World Travel,1809259a5a5f1d8d,Â£36.94
Default,The Unlikely Pilgrimage of Harold Fry (Harold Fry #1),e0bdd79c7304ee8d,Â£43.62
Art,The New Drawing on the Right Side of the Brain,3eec766dda26fa64,Â£43.02
Nonfiction,"The Midnight Assassin: Panic, Scandal, and the Hunt for America's First Serial Killer",5a0d2e9284004266,Â£28.45
Default,The Martian (The Martian #1),9afd00e81d6208e6,Â£41.39
Fiction,The High Mountains of Portugal,4f283dfcbeccc0d4,Â£51.15
Short Stories,The Grownup,1bba4b1ba23ed2d6,Â£35.88
Business,The E-Myth Revisited: Why Most Small Businesses Don't Work and What to Do About It,a2308a936e898d48,Â£36.91
Young Adult,South of Sunshine,331c26103d885cae,Â£28.93
Nonfiction,Smarter Faster Better: The Secrets of Being Productive in Life and Business,a2475a245c9907c4,Â£38.89
Suspense,Silence in the Dark (Logan Point #4),e46a164cf310fd7d,Â£58.33
Christian Fiction,Shadows of the Past (Logan Point #1),bee6e93e9976f4fa,Â£39.67
Sequential Art,Roller Girl,aeb51dfbe8aeec59,Â£14.10
Nonfiction,Rising Strong,52fc458ffc756faf,Â£21.82
Philosophy,Proofs of God: Classical Arguments from Tertullian to Barth,d56d0710668bb39c,Â£54.21
Music,Please Kill Me: The Uncensored Oral History of Punk,4a823d80aa30dbb0,Â£31.19
Poetry,Out of Print: City Lights Spotlight No. 14,c0fc0cd215ee1724,Â£53.64
Young Adult,My Life Next Door (My Life Next Door ),9a7291b89bd5445c,Â£36.39
Fiction,Miller's Valley,bff270fe9c86a5a9,Â£58.54
Nonfiction,Man's Search for Meaning,4729afff3bea0f0a,Â£29.48
Nonfiction,"Love That Boy: What Two Presidents, Eight Road Trips, and My Son Taught Me About a Parent's Expectations",4d3a4c7b442a9a4e,Â£25.06
Nonfiction,Living Forward: A Proven Plan to Stop Drifting and Get the Life You Want,044534b0b28b4e87,Â£12.55
Poetry,Les Fleurs du Mal,c44c5e1425475206,Â£29.04
Default,Left Behind (Left Behind #1),29af1a2566c4e36e,Â£40.72
Music,Kill 'Em and Leave: Searching for James Brown and the American Soul,39eefec3a8498dde,Â£45.05
Philosophy,Kierkegaard: A Christian Missionary to Christians,0cf57cb49272fd37,Â£47.13
Default,John Vassos: Industrial Design for Modern Life,bd26e8a79a856c31,Â£20.22
Default,I'll Give You the Sun,0ab4b35dcffcffd1,Â£56.48
Nonfiction,I Will Find You,bbf1ea50be8008ab,Â£44.21
Fiction,Hystopia: A Novel,0bfdef63285d3019,Â£21.96
Poetry,Howl and Other Poems,b7870fa6dc088fbb,Â£40.45
Art,History of Beauty,8a150fd8ff5d7686,Â£10.29
Default,Heaven is for Real: A Little Boy's Astounding Story of His Trip to Heaven and Back,d48c1369927ebef1,Â£52.86
Young Adult,Future Shock (Future Shock #1),df6a7c43faa6732b,Â£55.65
Default,Ender's Game (The Ender Quintet #1),e049d44c4f1cf1b2,Â£43.64
Science,Diary of a Citizen Scientist: Chasing Tiger Beetles and Other New Ways of Engaging the World,0c11e2d068768dbb,Â£28.41
Default,Death by Leisure: A Cautionary Tale,4dbd54d9e36c9566,Â£37.51
History,Brilliant Beacons: A History of the American Lighthouse,7f5157bf53065d36,Â£11.45
Nonfiction,Brazen: The Courage to Find the You That's Been Hiding,77e9ea355bd8ae57,Â£19.22
Nonfiction,Between the World and Me,04e3de7ac35ec5cd,Â£56.91
Nonfiction,Being Mortal: Medicine and What Matters in the End,15ebd83e53d0391b,Â£55.06
Nonfiction,"A Murder Over a Girl: Justice, Gender, Junior High",fef91502cbacf23a,Â£13.20
Food and Drink,32 Yolks,b1a227b7609ff263,Â£53.63
History,"""Most Blessed of the Patriarchs"": Thomas Jefferson and the Empire of the Imagination",f16c2edb2a603f92,Â£44.48
Self Help,You Are a Badass: How to Stop Doubting Your Greatness and Start Living an Awesome Life,88ec621893e595d0,Â£12.08
Default,Wildlife of New York: A Five-Borough Coloring Book,b46d022080543144,Â£22.14
Mystery,What Happened on Beale Street (Secrets of the South Mysteries #2),9735c969c652dd89,Â£25.37
Spirituality,Unreasonable Hope: Finding Faith in the God Who Brings Purpose to Your Pain,48cb52d78c992487,Â£46.33
Travel,Under the Tuscan Sun,a94350ee74deaa07,Â£37.33
Humor,Toddlers Are A**holes: It's Not Your Fault,4242cc3d0437db12,Â£25.55
Default,The Year of Living Biblically: One Man's Humble Quest to Follow the Bible as Literally as Possible,4a0b78598b42897a,Â£34.72
Childrens,The Whale,0ff9d10864db8364,Â£35.96
Art,The Story of Art,9147c5251cc99eb1,Â£41.14
Science,The Origin of Species,0345872b14f9e774,Â£10.01
Default,The Great Gatsby,a8dbf1c6b41b885a,Â£36.05
Default,The Good Girl,f935412970c9f58f,Â£49.03
Add a comment,The Glass Castle,47f4fd3e8e1dac05,Â£16.24
Biography,The Faith of Christopher Hitchens: The Restless Soul of the World's Most Notorious Atheist,57f85720e54d6442,Â£39.55
Add a comment,The Drowning Girls,7a10353c9c54cf7c,Â£35.67
Historical Fiction,The Constant Princess (The Tudor Court #1),24933c712f0bca2f,Â£16.62
Fiction,The Bourne Identity (Jason Bourne #1),d250657f0ebc5d73,Â£42.78
Mystery,The Bachelor Girl's Guide to Murder (Herringford and Watts Mysteries #1),20789fb17b423c4c,Â£52.30
Art,The Art Book,4b8fa561a1e52d1c,Â£32.34
Default,The 7 Habits of Highly Effective People: Powerful Lessons in Personal Change,5fbd03b1ac0a0e69,Â£33.17
Add a comment,Team of Rivals: The Political Genius of Abraham Lincoln,ba047a636b7d3793,Â£20.12
Default,Steal Like an Artist: 10 Things Nobody Told You About Being Creative,8776181be110838a,Â£20.90
Romance,"Sit, Stay, Love",bd087cf6a846db75,Â£20.90
Fiction,Sister Dear,7ffebdd1d5148aef,Â£40.20
Childrens,"Shrunken Treasures: Literary Classics, Short, Sweet, and Silly",9639e89d20228e6e,Â£52.87
Business,"Rich Dad, Poor Dad",8486f61aa81a3daa,Â£51.74
Childrens,Raymie Nightingale,31c56c4d0fe19340,Â£34.41
Childrens,Playing from the Heart,68008abf6409dfde,Â£32.38
Young Adult,Nightstruck: A Novel,746029796363aa51,Â£50.35
Food and Drink,"Naturally Lean: 125 Nourishing Gluten-Free, Plant-Based Recipes--All Under 300 Calories",924438fc6cbec836,Â£11.38
Womens Fiction,Meternity,725cd8d23d78cdca,Â£43.58
Fiction,Memoirs of a Geisha,dac4b5847454fd9b,Â£49.67
Christian Fiction,Like Never Before (Walker Family #2),b6670507e85b30e6,Â£28.77
Default,Life of Pi,40cdcbb7692fd408,Â£13.22
Poetry,Leave This Song Behind: Teen Poetry at Its Best,b74ee891e2a6dd69,Â£51.17
Fantasy,King's Folly (The Kinsman Chronicles #1),4c82371b8cd02d4d,Â£39.61
Add a comment,John Adams,68407606544d6f22,Â£57.43
Food and Drink,How to Cook Everything Vegetarian: Simple Meatless Recipes for Great Food (How to Cook Everything),2a9fcb3382d351c8,Â£46.01
Food and Drink,How to Be a Domestic Goddess: Baking and the Art of Comfort Cooking,eff5710404e2ff78,Â£28.25
Add a comment,Good in Bed (Cannie Shapiro #1),c00bc29a678a6efb,Â£37.05
Sequential Art,"Fruits Basket, Vol. 7 (Fruits Basket #7)",de6d7645f192d517,Â£19.57
Nonfiction,For the Love: Fighting for Grace in a World of Impossible Standards,2e40333991f56f45,Â£45.13
Nonfiction,Finding God in the Ruins: How God Redeems Pain,4e78f06160b717ac,Â£46.64
Fantasy,Every Heart a Doorway (Every Heart A Doorway #1),4fa75fc6829431ca,Â£12.16
Mystery,Delivering the Truth (Quaker Midwife Mystery #1),4e980425468708da,Â£20.89
Christian Fiction,Counted With the Stars (Out from Egypt #1),4807043b8218e9ce,Â£17.97
Music,"Chronicles, Vol. 1",4781b6bfd6f7a2c5,Â£52.60
Christian,Blue Like Jazz: Nonreligious Thoughts on Christian Spirituality,a322361a37a78d3d,Â£25.77
Biography,Benjamin Franklin: An American Life,5b546a46a86a9d8c,Â£48.19
Philosophy,"At The Existentialist CafÃ©: Freedom, Being, and apricot cocktails with: Jean-Paul Sartre, Simone de Beauvoir, Albert Camus, Martin Heidegger, Edmund Husserl, Karl Jaspers, Maurice Merleau-Ponty and others",6b52904b2ab91bf6,Â£29.93
Travel,A Summer In Europe,cc1936a9f4e93477,Â£44.34
History,A Short History of Nearly Everything,6c7fa6844380f50a,Â£52.40
Fantasy,A Gathering of Shadows (Shades of Magic #2),d1378a0ad06ff979,Â£44.81
Default,The Sound Of Love,5ba3d703d1ae0c1d,Â£57.84
History,The Rise and Fall of the Third Reich: A History of Nazi Germany,774fa432bd7d9c47,Â£39.67
Default,The Perks of Being a Wallflower,fd364afd082f5446,Â£55.02
Mystery,The Mysterious Affair at Styles (Hercule Poirot #1),2da5edf8b5776c9a,Â£24.80
Nonfiction,The Man Who Mistook His Wife for a Hat and Other Clinical Tales,60376aa71be66083,Â£59.45
Default,The Makings of a Fatherless Child,2efa5a839e62b1bd,Â£31.58
Add a comment,The Joy of Cooking,d326e189b1210916,Â£43.27
Historical Fiction,The Invention of Wings,e6635f5b0a2c78db,Â£37.34
Default,The Hobbit (Middle-Earth Universe),72b5355dda190b6a,Â£17.80
Travel,The Great Railway Bazaar,48736df57e7bec9f,Â£30.54
Add a comment,The Golden Compass (His Dark Materials #1),d33824cb93ecab6f,Â£18.77
Add a comment,The God Delusion,2bc80eba94950873,Â£46.85
Historical,The Girl You Left Behind (The Girl You Left Behind #1),eb7459e0c570251d,Â£15.79
Default,The Fellowship of the Ring (The Lord of the Rings #1),cb17945cb90b7837,Â£10.27
Poetry,The Collected Poems of W.B. Yeats (The Collected Works of W.B. Yeats #1),3d250ab0f12be445,Â£15.42
Food and Drink,The Barefoot Contessa Cookbook,6478ccb4416e6a5d,Â£59.92
Young Adult,Tell the Wolves I'm Home,2a1b3d967cda1da2,Â£50.96
Default,Ship Leaves Harbor: Essays on Travel by a Recovering Journeyman,8d8e9f9b8730eb25,Â£30.60
Add a comment,Pride and Prejudice,720c36b2bee4692e,Â£19.27
Default,Musicophilia: Tales of Music and the Brain,6d235933670503d9,Â£46.58
Add a comment,Mere Christianity,f38f37ed934d84b2,Â£48.51
Fiction,Me Before You (Me Before You #1),7a2b51f69e81c722,Â£19.02
Mystery,In the Woods (Dublin Murder Squad #1),6958de044cb28a84,Â£38.38
Nonfiction,In Cold Blood,fe0f34ebed689381,Â£49.98
Self Help,How to Stop Worrying and Start Living,e792c0969cefe1b8,Â£46.49
Thriller,Give It Back,012170e4fc87ace0,Â£18.32
Nonfiction,"Girl, Interrupted",384c7d41d5ffe9d1,Â£42.14
Add a comment,Fun Home: A Family Tragicomic,56a34d0cec11d6b0,Â£56.59
Sequential Art,"Fruits Basket, Vol. 6 (Fruits Basket #6)",97258f576d4bb672,Â£20.96
Fiction,Deception Point,4e3b183180e2a992,Â£40.32
Sequential Art,"Death Note, Vol. 6: Give-and-Take (Death Note #6)",6e06d0f00f6da20f,Â£36.39
History,Catherine the Great: Portrait of a Woman,f3c70d296ec796c4,Â£58.55
Food and Drink,Better Homes and Gardens New Cook Book,faf841f81c52638b,Â£39.61
Psychology,An Unquiet Mind: A Memoir of Moods and Madness,46cb43c2ab133ccc,Â£21.30
Travel,A Year in Provence (Provence #1),9e60929f521fa280,Â£56.88
Historical Fiction,World Without End (The Pillars of the Earth #2),2e5b4ff08a75fd02,Â£32.97
Young Adult,"Will Grayson, Will Grayson (Will Grayson, Will Grayson)",e75f3ae1da1cc652,Â£47.31
Nonfiction,Why Save the Bankers?: And Other Essays on Our Economic and Political Crisis,759ee7d059b1beb8,Â£48.67
Young Adult,Where She Went (If I Stay #2),60369d96b7b80869,Â£41.73
Default,What If?: Serious Scientific Answers to Absurd Hypothetical Questions,163d89116179c33f,Â£53.68
Young Adult,Two Summers,3a7d54a264d9f33e,Â£14.64
Music,This Is Your Brain on Music: The Science of a Human Obsession,bc209a900101f28d,Â£38.40
Classics,The Secret Garden,abbb492978ff656d,Â£15.08
Add a comment,The Raven King (The Raven Cycle #4),2e4fc5eacceec12c,Â£30.57
Fantasy,The Raven Boys (The Raven Cycle #1),e0b3a679b83caccc,Â£57.74
Food and Drink,The Power Greens Cookbook: 140 Delicious Superfood Recipes,f701fae56b645ef7,Â£11.05
Classics,The Metamorphosis,93379e3a2072a01b,Â£28.58
History,The Mathews Men: Seven Brothers and the War Against Hitler's U-boats,0d210d2448c3018f,Â£42.91
Fiction,The Little Paris Bookshop,dfd9ff1f343cdaff,Â£24.73
History,The Hiding Place,c4589ee5977a47be,Â£55.91
Science,The Grand Design,3213b1f13f5f0f7c,Â£13.76
Fiction,The Firm,ad84f18659e6bfe2,Â£45.56
Default,The Fault in Our Stars,3661360c99719414,Â£47.22
Fantasy,The False Prince (The Ascendance Trilogy #1),a2a9f76339d21ab1,Â£56.00
Fiction,The Expatriates,fe7210553d56c097,Â£44.58
Default,The Dream Thieves (The Raven Cycle #2),fec06f52054ea900,Â£34.50
Young Adult,The Darkest Corners,c4182bdb53e2459a,Â£11.33
Poetry,The Crossover,b228042c088b1913,Â£38.77
Default,The 5th Wave (The 5th Wave #1),b716233fcb6877e6,Â£11.83
Fantasy,Tell the Wind and Fire,84126312e2431a09,Â£45.51
Young Adult,Tell Me Three Things,50d5a7b861ed1c54,Â£41.81
Nonfiction,Talking to Girls About Duran Duran: One Young Man's Quest for True Love and a Cooler Haircut,1dba84766a5e87b8,Â£25.15
Fiction,Siddhartha,84bb29c53592ac40,Â£34.22
Default,Shiver (The Wolves of Mercy Falls #1),59a8ae019b64f2a7,Â£16.23
Default,Remember Me?,2973d38c2fbd7a5c,Â£11.48
Horror,Red Dragon (Hannibal Lecter #1),e958ae92f328c181,Â£23.37
Science,Peak: Secrets from the New Science of Expertise,6036239d2ab349b7,Â£16.28
Nonfiction,My Mother Was Nuts,a4ce39a3720cd679,Â£31.63
Food and Drink,Mexican Today: New and Rediscovered Recipes for Contemporary Kitchens,12a90b90283b2e6d,Â£24.91
Childrens,Maybe Something Beautiful: How Art Transformed a Neighborhood,81c68492ccd72941,Â£22.54
Young Adult,Lola and the Boy Next Door (Anna and the French Kiss #2),5e1a88d248599768,Â£23.63
Academic,Logan Kade (Fallen Crest High #5.5),7093cf549cd2e7de,Â£13.12
Fiction,Last One Home (New Beginnings #1),07e6810fd3236bda,Â£59.98
Thriller,Killing Floor (Jack Reacher #1),8dde2ff3f6fcc0a3,Â£31.49
Young Adult,Kill the Boy Band,44f545727e704187,Â£15.52
Young Adult,Isla and the Happily Ever After (Anna and the French Kiss #3),45045146dbf7b009,Â£48.13
Default,If I Stay (If I Stay #1),7284d85428305f5a,Â£38.13
Default,I Know Why the Caged Bird Sings (Maya Angelou's Autobiography #1),d219d4e325e6f204,Â£36.55
Default,Harry Potter and the Deathly Hallows (Harry Potter #7),6c49258724f11770,Â£23.32
Sequential Art,"Fruits Basket, Vol. 5 (Fruits Basket #5)",3fd83dcf37bf1bc0,Â£16.33
Science Fiction,Foundation (Foundation (Publication Order) #1),3fc124f59f3068e4,Â£32.42
Default,Fool Me Once,630e766f0a1987dd,Â£16.96
Add a comment,Find Her (Detective D.D. Warren #8),b28c7d07afa7063b,Â£22.37
Add a comment,Evicted: Poverty and Profit in the American City,75cc85cdbe9ad46b,Â£42.27
Default,Drama,d5ad4c92d8bf26c9,Â£38.70
Horror,Dracula the Un-Dead,e46b1074b99ac4b6,Â£35.63
Fiction,Digital Fortress,94bb629a3f6dd00b,Â£58.00
Sequential Art,"Death Note, Vol. 5: Whiteout (Death Note #5)",1c0a38899c82b60a,Â£52.41
Nonfiction,"Data, A Love Story: How I Gamed Online Dating to Meet My Match",bcf567421c581f0a,Â£32.35
Philosophy,Critique of Pure Reason,429b4a811bef386c,Â£20.75
Poetry,Booked,b54d7416bb445989,Â£17.49
Default,"Blue Lily, Lily Blue (The Raven Cycle #3)",ad5e078beceaeb4a,Â£34.13
Autobiography,Approval Junkie: Adventures in Caring Too Much,612369a5947a012e,Â£58.81
Young Adult,An Abundance of Katherines,f36d24c309e87e5b,Â£10.00
History,America's War for the Greater Middle East: A Military History,add33db6ff80db24,Â£51.22
Default,Alight (The Generations Trilogy #2),d9290e99f189ce84,Â£58.59
Romance,A Girl's Guide to Moving On (New Beginnings #2),cf3b86489890b9f2,Â£31.30
Add a comment,A Game of Thrones (A Song of Ice and Fire #1),03cbb67c0f990d87,Â£46.42
Fantasy,A Feast for Crows (A Song of Ice and Fire #4),f2c8f4b4c94d5c5c,Â£17.21
Add a comment,A Clash of Kings (A Song of Ice and Fire #2),89a89e76f3516357,Â£10.79
Default,Vogue Colors A to Z: A Fashion Coloring Book,a8f4577a48023344,Â£52.35
Default,The Shining (The Shining #1),d4de23aa98acc65b,Â£27.88
Classics,The Pilgrim's Progress,6053ddf69c967d5f,Â£50.26
Romance,The Perfect Play (Play by Play #1),9cc207168a03470d,Â£59.99
Historical Fiction,The Passion of Dolssa,011674f4a3834b8d,Â£28.32
Nonfiction,The Jazz of Physics: The Secret Link Between Music and the Structure of the Universe,6a57286a8890d8c5,Â£38.71
Default,The Hunger Games (The Hunger Games #1),6d2f70d9424f41a1,Â£29.85
Classics,The Hound of the Baskervilles (Sherlock Holmes #5),6587f46697fc4443,Â£14.82
Nonfiction,The Gunning of America: Business and the Making of American Gun Culture,45033bdf3d9ed158,Â£16.81
Nonfiction,The Geography of Bliss: One Grump's Search for the Happiest Places in the World,c65ee14957c0fa5c,Â£28.23
Fantasy,The Demonists (Demonist #1),ff2dffba388d9922,Â£52.11
Sequential Art,"The Demon Prince of Momochi House, Vol. 4 (The Demon Prince of Momochi House #4)",df53c2948b32bde3,Â£27.88
Thriller,The Bone Hunters (Lexy Vaughan & Steven Macaulay #2),9c4d061c1e2fe6bf,Â£59.71
Fantasy,The Beast (Black Dagger Brotherhood #14),8930013d06942df1,Â£46.08
Womens Fiction,Some Women,31f5bbf4974d29c9,Â£13.73
Womens Fiction,Shopaholic Ties the Knot (Shopaholic #3),38199c5d7da0c0ef,Â£48.39
Fantasy,Paper and Fire (The Great Library #2),ae884ac655d6ee3e,Â£49.45
Default,Outlander (Outlander #1),5de4baa88061a77a,Â£19.67
Music,"Orchestra of Exiles: The Story of Bronislaw Huberman, the Israel Philharmonic, and the One Thousand Jews He Saved from Nazi Horrors",2ba5ccc84d35006c,Â£12.36
Music,No One Here Gets Out Alive,3a95f5a2df4ff921,Â£20.02
Horror,Night Shift (Night Shift #1-20),869d20b3b8128230,Â£12.75
Horror,Needful Things,70b585c9d0f15725,Â£47.51
Default,Mockingjay (The Hunger Games #3),5212c6acea3359e5,Â£20.44
Horror,Misery,81d4191030b9704b,Â£34.79
Classics,Little Women (Little Women #1),deda806b68b0aa11,Â£28.07
Horror,It,670a2773607d785d,Â£25.01
Default,Harry Potter and the Sorcerer's Stone (Harry Potter #1),ac337893a9fe0085,Â£13.90
Young Adult,Harry Potter and the Prisoner of Azkaban (Harry Potter #3),eff24325e0ede639,Â£24.17
Fantasy,Harry Potter and the Order of the Phoenix (Harry Potter #5),5a6b7155f2797537,Â£31.63
Fantasy,Harry Potter and the Half-Blood Prince (Harry Potter #6),73f4f87dd936ee5c,Â£48.75
Fantasy,Harry Potter and the Chamber of Secrets (Harry Potter #2),c7c4f55b7321cba7,Â£14.74
Classics,Gone with the Wind,23310ce84d3c9f85,Â£32.49
Nonfiction,God Is Not Great: How Religion Poisons Everything,ddbc5530d2939d49,Â£27.80
Historical Fiction,Girl With a Pearl Earring,5eff05e59f905a49,Â£26.77
Sequential Art,"Fruits Basket, Vol. 4 (Fruits Basket #4)",8fff1084aa085a13,Â£50.44
Thriller,Far From True (Promise Falls Trilogy #2),ad15a9a139919918,Â£34.93
Romance,Dark Lover (Black Dagger Brotherhood #1),2b69d289279aabfd,Â£12.87
Default,Confessions of a Shopaholic (Shopaholic #1),a2dc754afb69bb32,Â£48.94
Romance,Changing the Game (Play by Play #2),aaebac5fda798b1b,Â£13.38
Classics,Candide,2798974abc8a58a8,Â£58.63
Womens Fiction,Can You Keep a Secret?,0812f54c93d726ce,Â£21.94
Fiction,Atlas Shrugged,78a4ac98191ac675,Â£26.58
Classics,Animal Farm,1451b55e5e56bb89,Â£57.22
Romance,A Walk to Remember,aead11697d14ea36,Â£56.43
Spirituality,A New Earth: Awakening to Your Life's Purpose,f6ae39568db1130e,Â£55.65
Religion,"A History of God: The 4,000-Year Quest of Judaism, Christianity, and Islam",d12ca4020c2f602e,Â£27.62
Horror,'Salem's Lot,6e9403f00acd6752,Â£49.56
Default,Zero History (Blue Ant #3),634b7165c96ebb9f,Â£34.77
Classics,Wuthering Heights,5a7ff9aaa3168878,Â£17.73
Default,World War Z: An Oral History of the Zombie War,5d55202da0252627,Â£21.80
Default,Wild: From Lost to Found on the Pacific Crest Trail,d30b9215c72cca87,Â£46.02
Default,"Where'd You Go, Bernadette",07bb35158d9dd3d2,Â£18.13
Humor,When You Are Engulfed in Flames,dab0196cd5fc8e5e,Â£30.89
Nonfiction,We the People: The Modern-Day Figures Who Have Reshaped and Affirmed the Founding Fathers' Vision of America,06bab964fd536971,Â£31.95
Contemporary,We Are All Completely Beside Ourselves,be3db344a845580b,Â£24.04
Young Adult,Walk the Edge (Thunder Road #2),0e4e2d31c2fb3aad,Â£32.36
Historical Fiction,Voyager (Outlander #3),7feac4000cbc5859,Â£21.07
Nonfiction,Very Good Lives: The Fringe Benefits of Failure and the Importance of Imagination,52aa3d79b1cee455,Â£50.66
Food and Drink,Vegan Vegetarian Omnivore: Dinner for Everyone at the Table,4672d10b9b1e7a05,Â£13.66
Nonfiction,"Unstuffed: Decluttering Your Home, Mind, and Soul",b830685072fa871f,Â£58.09
Nonfiction,Under the Banner of Heaven: A Story of Violent Faith,599a4f98bb193368,Â£30.00
Young Adult,Two Boys Kissing,61bc8167c9680283,Â£32.74
Default,Twilight (Twilight #1),b53078de0147f6bf,Â£41.93
Womens Fiction,Twenties Girl,8ebad30219b8679c,Â£42.80
Nonfiction,"Trespassing Across America: One Man's Epic, Never-Done-Before (and Sort of Illegal) Hike Across the Heartland",2173a2ce35f6ace1,Â£53.51
Fiction,Three-Martini Lunch,57f755143ee96fd4,Â£23.21
Psychology,"Thinking, Fast and Slow",719d72f3ee512dc6,Â£21.14
Childrens,The Wild Robot,75fed6a47f69859d,Â£56.07
Sequential Art,"The Wicked + The Divine, Vol. 3: Commercial Suicide (The Wicked + The Divine)",a33ed2e6068df53e,Â£14.41
Womens Fiction,The Undomestic Goddess,813cff2aefa5d1f0,Â£45.75
Thriller,The Travelers,2b685187f55c5d31,Â£15.77
Add a comment,The Tipping Point: How Little Things Can Make a Big Difference,224fa77d4b248046,Â£10.02
Childrens,The Thing About Jellyfish,3d15714d4d3d15dd,Â£48.77
Horror,The Stand,49f24193f0b961e6,Â£57.86
Food and Drink,The Smitten Kitchen Cookbook,742702d662a71410,Â£23.59
Mystery,The Silkworm (Cormoran Strike #2),f06039c29b5891fa,Â£23.05
Sequential Art,"The Sandman, Vol. 3: Dream Country (The Sandman (volumes) #3)",91eb9605998a7c03,Â£55.55
Fantasy,The Rose & the Dagger (The Wrath and the Dawn #2),322a9e34d87f54b1,Â£58.64
Travel,The Road to Little Dribbling: Adventures of an American in Britain (Notes From a Small Island #2),366a236aa1ea6f07,Â£23.21
Biography,The Rise of Theodore Roosevelt (Theodore Roosevelt #1),1a5044d233936b1a,Â£42.57
Science Fiction,The Restaurant at the End of the Universe (Hitchhiker's Guide to the Galaxy #2),0e92ccf1bd39e68f,Â£10.92
Add a comment,The Rest Is Noise: Listening to the Twentieth Century,e2d47e82c50d41d9,Â£34.77
Historical Fiction,The Red Tent,3c456328b04a8ee8,Â£35.66
Add a comment,The Purpose Driven Life: What on Earth Am I Here for?,0e7beedf0ee9380c,Â£37.19
Romance,The Purest Hook (Second Circle Tattoos #3),969f6c7e86554814,Â£12.25
Classics,The Picture of Dorian Gray,b9f6305a3d650e2c,Â£29.70
Default,The Paris Wife,fa26798728f5208f,Â£36.80
Romance,The Obsession,ee441c8e027caa66,Â£45.43
Fiction,The Nightingale,29d6d87f3418638b,Â£26.26
Young Adult,The New Guy (and Other Senior Year Distractions),3e42ac0f4d43320f,Â£44.92
Womens Fiction,The Nanny Diaries (Nanny #1),6263c1d2997b8ce0,Â£52.53
Nonfiction,The Name of God is Mercy,0baf71623648413a,Â£37.25
Default,The Maze Runner (The Maze Runner #1),4266f48a0aa1c37d,Â£20.93
Default,The Lover's Dictionary,36c15687f5ab0f7c,Â£58.09
Childrens,The Lonely Ones,cf2f27fdf94ba20e,Â£43.59
Business,The Lean Startup: How Today's Entrepreneurs Use Continuous Innovation to Create Radically Successful Businesses,70c7c3ca7f9b2728,Â£33.92
Historical Fiction,The Last Painting of Sara de Vos,476c7972e9b41891,Â£55.55
Young Adult,"The Land of 10,000 Madonnas",35e69a79d2b1e804,Â£29.64
Fiction,The Infinities,554e9e2d532b3a87,Â£27.41
Fiction,The Husband's Secret,ff6bb30dd0c482a6,Â£52.51
Add a comment,The Hitchhiker's Guide to the Galaxy (Hitchhiker's Guide to the Galaxy #1),a8b0ea6490bc818f,Â£47.80
History,The Guns of August,b5da59dd177eb36b,Â£14.54
Historical Fiction,The Guernsey Literary and Potato Peel Pie Society,4a0a276409968a73,Â£49.53
Default,The Goldfinch,c88422d8959260ab,Â£43.58
Default,The Giver (The Giver Quartet #1),e2dac1f4739e0bd5,Â£12.30
Horror,The Girl with All the Gifts,92dcc54a27107a37,Â£49.47
Default,The Girl Who Played with Fire (Millennium Trilogy #2),bfa9cb304075d3e8,Â£22.14
Add a comment,The Girl Who Kicked the Hornet's Nest (Millennium Trilogy #3),8f5d16a5a9bd58b2,Â£57.48
Mystery,The Exiled,dd003e904727281a,Â£43.45
Add a comment,"The End of Faith: Religion, Terror, and the Future of Reason",b3f2bc2cefb35f05,Â£22.13
Science,"The Elegant Universe: Superstrings, Hidden Dimensions, and the Quest for the Ultimate Theory",c6bf14cb901c63ac,Â£13.03
Science,"The Disappearing Spoon: And Other True Tales of Madness, Love, and the History of the World from the Periodic Table of the Elements",63c0826ef59eae66,Â£57.35
Womens Fiction,The Devil Wears Prada (The Devil Wears Prada #1),a6ab0cb7106a67f2,Â£44.29
Default,The Demon-Haunted World: Science as a Candle in the Dark,f51062bf579507d9,Â£52.25
Childrens,The Day the Crayons Came Home (Crayons),b22362b434e8ee62,Â£26.33
Fiction,The Da Vinci Code (Robert Langdon #2),dabf11918b48b40c,Â£22.96
Mystery,The Cuckoo's Calling (Cormoran Strike #1),1be6d3b121865edb,Â£19.21
Classics,The Complete Stories and Poems (The Works of Edgar Allan Poe [Cameo Edition]),cad70d6ffd53912f,Â£26.78
Add a comment,The Complete Poems,23707d3ddf14a999,Â£41.32
Add a comment,The Catcher in the Rye,487449f4f6322f0f,Â£24.55
Childrens,The Cat in the Hat (Beginner Books B-1),b7f475238ed50429,Â£16.26
Add a comment,The Case for Christ (Cases for Christianity),970bd3316219e7dc,Â£47.84
Default,The Book Thief,a75e274c8814b539,Â£53.49
Sports and Games,The Book of Basketball: The NBA According to The Sports Guy,08decd9664e5d56e,Â£44.84
Add a comment,The Blind Side: Evolution of a Game,cd3dcd83bb002e78,Â£53.71
Default,The Autobiography of Malcolm X,b04a6a0db525857d,Â£23.43
Food and Drink,"The Art of Simple Food: Notes, Lessons, and Recipes from a Delicious Revolution",311634df10651e05,Â£34.32
Fiction,The Art of Fielding,2858ac90c4758e1f,Â£22.10
Science,"Surely You're Joking, Mr. Feynman!: Adventures of a Curious Character",61002f3b7ba5d780,Â£25.83
Nonfiction,Stiff: The Curious Lives of Human Cadavers,a11ae5f07572ef49,Â£36.74
Nonfiction,Spilled Milk: Based on a True Story,f08667e4c0458f37,Â£49.51
Womens Fiction,Something Borrowed (Darcy & Rachel #1),ac27ab4bcd9c492e,Â£48.96
Womens Fiction,Something Blue (Darcy & Rachel #2),3fc9d51d1c4d6ba7,Â£54.62
Fantasy,Soldier (Talon #3),feaaae90514eb2ac,Â£24.72
Default,Shopaholic & Baby (Shopaholic #5),c57d3c96af23c297,Â£46.45
Add a comment,Seven Days in the Art World,07806456878931bc,Â£52.33
Science,Seven Brief Lessons on Physics,281a244ce1954711,Â£30.60
Young Adult,Scarlet (The Lunar Chronicles #2),510832818edb6fbc,Â£14.57
Add a comment,Sarah's Key,5b2cd5b31a510848,Â£46.29
Sequential Art,"Saga, Volume 3 (Saga (Collected Editions) #3)",7b870bf85d01c2dc,Â£21.57
Autobiography,Running with Scissors,28921443f052bea6,Â£12.91
Add a comment,Rogue Lawyer (Rogue Lawyer #1),b4f5672f68ec3a83,Â£50.11
Nonfiction,"Rise of the Rocket Girls: The Women Who Propelled Us, from Missiles to the Moon to Mars",89cad3f37c9ce226,Â£41.67
Business,Rework,8e9dd8431170c09e,Â£44.88
Romance,Reservations for Two,ecdf73ee66c33b17,Â£11.10
Childrens,Red: The True Story of Red Riding Hood,4c8ece50736f9e88,Â£28.54
Science Fiction,Ready Player One,2ef5dc7e278e562a,Â£19.07
Default,Quiet: The Power of Introverts in a World That Can't Stop Talking,3c565df219ba3274,Â£43.55
Sequential Art,Prodigy: The Graphic Novel (Legend: The Graphic Novel #2),9707989a439757b4,Â£43.63
Sequential Art,Persepolis: The Story of a Childhood (Persepolis #1-2),cb62418129b864a3,Â£39.13
Default,Packing for Mars: The Curious Science of Life in the Void,8e2dfd6bcf48e1e6,Â£56.68
Nonfiction,Outliers: The Story of Success,09a7b0b566ad6225,Â£14.16
Sequential Art,Original Fake,c59283b05905c853,Â£31.45
Default,Orange Is the New Black,8378c899988905ee,Â£24.61
Default,One for the Money (Stephanie Plum #1),3250650a5c4e6f07,Â£32.87
Nonfiction,Notes from a Small Island (Notes From a Small Island #1),cb65e49993db9a93,Â£40.17
Nonfiction,Night (The Night Trilogy #1),c4d9fce9eff3b8ba,Â£13.51
Travel,Neither Here nor There: Travels in Europe,747cf7fca2ccdbd4,Â£38.95
Humor,Naked,54aeeb4610d3ae08,Â£31.69
Default,Morning Star (Red Rising #3),7ce5a92baabb6bc0,Â£29.40
Nonfiction,"Miracles from Heaven: A Little Girl, Her Journey to Heaven, and Her Amazing Story of Healing",7980fa06f2b704d8,Â£57.83
Fantasy,Midnight Riot (Peter Grant/ Rivers of London - books #1),e9056f9b5a40a301,Â£55.46
Autobiography,Me Talk Pretty One Day,abc4a7ee16c21088,Â£57.60
Add a comment,Manuscript Found in Accra,546da23278482b0a,Â£34.98
Autobiography,Lust & Wonder,0dcadb06206abd3c,Â£11.87
Fiction,Lila (Gilead #3),4ef75307fb64e2ad,Â£12.47
Science Fiction,"Life, the Universe and Everything (Hitchhiker's Guide to the Galaxy #3)",4b3f4f151c99f472,Â£33.26
Autobiography,Life Without a Recipe,c53d9fefcda371e9,Â£59.04
Default,Life After Life,4ec53ff7e2263f32,Â£26.13
Nonfiction,Letter to a Christian Nation,1de75f05d57bfc10,Â£22.20
Nonfiction,Let's Pretend This Never Happened: A Mostly True Memoir,1246e4ffeb5ac4ea,Â£45.11
Young Adult,Legend (Legend #1),0ce8075fab4a2b5b,Â£43.69
Default,"Lean In: Women, Work, and the Will to Lead",d5e1a9bfe22bbf9f,Â£25.02
Humor,"Lamb: The Gospel According to Biff, Christ's Childhood Pal",190fbebbf798c31a,Â£55.50
Young Adult,Lady Renegades (Rebel Belle #3),16e843e6b853cc2f,Â£53.04
Fiction,Jurassic Park (Jurassic Park #1),a0dd11f6abc421ec,Â£44.97
Nonfiction,It's Never Too Late to Begin Again: Discovering Creativity and Meaning at Midlife and Beyond,d4a29356fc992879,Â£42.38
Default,Is Everyone Hanging Out Without Me? (And Other Concerns),034829ffdd0a0aea,Â£20.11
Nonfiction,Into the Wild,a7c3f1010d64799a,Â£56.70
Fiction,Inferno (Robert Langdon #4),6c4646d90b60a56c,Â£41.00
Nonfiction,"In the Garden of Beasts: Love, Terror, and an American Family in Hitler's Berlin",d8292cd5f1aca291,Â£28.85
Christian Fiction,If I Run (If I Run #1),61569d12d4ae7161,Â£49.97
Womens Fiction,I've Got Your Number,6b32b561dab8036c,Â£19.69
Nonfiction,I Am Malala: The Girl Who Stood Up for Education and Was Shot by the Taliban,8010c7c148057fd3,Â£28.88
Food and Drink,Hungry Girl Clean & Hungry: Easy All-Natural Recipes for Healthy Eating in the Real World,6c4d17a46cac8787,Â£33.14
History,"House of Lost Worlds: Dinosaurs, Dynasties, and the Story of Life on Earth",1812b8f5641287e3,Â£43.70
Horror,House of Leaves,557c03c284be1bf2,Â£54.89
Childrens,Horrible Bear!,cc1ac978a6835ef6,Â£37.52
Humor,Holidays on Ice,0cb4856be3694a57,Â£51.07
Fantasy,Heir to the Sky,b003f8bb02f76dc5,Â£44.07
Childrens,Green Eggs and Ham (Beginner Books B-16),621e2c310cec8d32,Â£10.79
Sequential Art,"Grayson, Vol 3: Nemesis (Grayson #3)",4f6985aca357ae09,Â£42.72
Nonfiction,Gratitude,c300cc9326592b65,Â£26.66
Default,Gone Girl,d5c588b6f9c015e4,Â£37.60
Young Adult,Golden (Heart of Dread #3),984b3b6e7479b571,Â£42.21
Historical Fiction,Girl in the Blue Coat,41fc5dce044f16f5,Â£46.83
Sequential Art,"Fruits Basket, Vol. 3 (Fruits Basket #3)",d5f5a122a593b580,Â£45.17
Sports and Games,"Friday Night Lights: A Town, a Team, and a Dream",a9aa3ed5b316470b,Â£51.22
Add a comment,Fire Bound (Sea Haven/Sisters of the Heart #5),2ed3a794a70aa85f,Â£21.28
Adult Fiction,Fifty Shades Freed (Fifty Shades #3),ed813a848580ba50,Â£15.36
Default,Fellside,147019cae600694e,Â£38.62
Mystery,Extreme Prey (Lucas Davenport #26),588ba85ff11a3263,Â£25.40
Fantasy,Eragon (The Inheritance Cycle #1),b843f52a986a2914,Â£43.87
Default,Eclipse (Twilight #3),73f71f9556442117,Â£18.74
Science Fiction,Dune (Dune #1),36d5884d44484277,Â£54.86
Default,Dracula,a7ec599c1a547746,Â£52.62
Science Fiction,Do Androids Dream of Electric Sheep? (Blade Runner #1),98330e431e56a9ea,Â£51.48
Nonfiction,Disrupted: My Misadventure in the Start-Up Bubble,81372abc86f65c79,Â£15.28
Default,Dead Wake: The Last Crossing of the Lusitania,04d858cdeeee0da4,Â£39.24
Default,"David and Goliath: Underdogs, Misfits, and the Art of Battling Giants",d234ddecef49ef4e,Â£17.81
Fantasy,Darkfever (Fever #1),468bd274ac084bb9,Â£56.02
Default,Dark Places,66937c669c4da072,Â£23.90
Fiction,Crazy Rich Asians (Crazy Rich Asians #1),c9782ad2a0ed9331,Â£49.13
Childrens,Counting Thyme,157f693d9e600ccc,Â£10.62
Add a comment,Cosmos,dbe33cf29ef1623d,Â£36.17
Psychology,Civilization and Its Discontents,396385e3de5d18c3,Â£59.95
Young Adult,Cinder (The Lunar Chronicles #1),7e9579921e5407cb,Â£26.09
Parenting,Catastrophic Happiness: Finding Joy in Childhood's Messy Years,ef49db2aaa9bb547,Â£37.35
Mystery,Career of Evil (Cormoran Strike #3),b461cf238506c5b8,Â£24.72
Default,Breaking Dawn (Twilight #4),bbfc4a3b7b6c94a0,Â£35.28
Nonfiction,Brave Enough,fd2337c1b73b686e,Â£51.32
Young Adult,Boy Meets Boy,8e0bc2fe4e7d35b5,Â£21.12
Nonfiction,"Born to Run: A Hidden Tribe, Superathletes, and the Greatest Race the World Has Never Seen",e256de8aa0c2115f,Â£27.35
Nonfiction,Blink: The Power of Thinking Without Thinking,0bbc48294707ba96,Â£21.74
Nonfiction,Black Flags: The Rise of ISIS,860318b8e244f39c,Â£40.87
Sequential Art,"Black Butler, Vol. 1 (Black Butler #1)",15f415d436888b2d,Â£49.31
Fiction,Big Little Lies,d3f9c4539c0caa64,Â£22.11
Historical Fiction,Between Shades of Gray,155e42df837ee5ff,Â£20.79
Romance,Best of My Love (Fool's Gold #20),67dea6c75d6a1075,Â£27.41
Classics,Beowulf,3fb69f34e178d494,Â£38.35
Default,Beautiful Creatures (Caster Chronicles #1),5439bae708bca198,Â£21.55
Sequential Art,Awkward,1d89a2aa9f6ce50f,Â£38.02
Fantasy,Ash,5d22e2a46604b6e7,Â£22.06
Childrens,Are We There Yet?,ef9c4f2465513956,Â£10.66
Nonfiction,Are We Smart Enough to Know How Smart Animals Are?,da0349a87c8caa2f,Â£56.58
Young Adult,Annie on My Mind,7bf87402413c27ff,Â£36.83
Classics,And Then There Were None,cfe350b20d23b02b,Â£35.01
Nonfiction,A Walk in the Woods: Rediscovering America on the Appalachian Trail,bcee4f289ff6699c,Â£30.48
Default,A Visit from the Goon Squad,5dbd6ec4e154ad2f,Â£14.08
Fantasy,A Storm of Swords (A Song of Ice and Fire #3),87beabf664115d79,Â£31.22
Autobiography,A Heartbreaking Work of Staggering Genius,c9770bb1d5a492a0,Â£54.29
Psychology,8 Keys to Mental Health Through Exercise,f5873c8fc7760000,Â£31.04
Add a comment,#GIRLBOSS,165affa7adb5eded,Â£50.96
Nonfiction,"The Suffragettes (Little Black Classics, #96)",d2185b65af52d68c,Â£11.89
Add a comment,The Sense of an Ending,4130678275eb7c8c,Â£31.38
Sequential Art,"The Sandman, Vol. 2: The Doll's House (The Sandman (volumes) #2)",276dc716b1da8899,Â£54.81
Fiction,The Course of Love,f3c76b53b239f511,Â£16.78
Sports and Games,Sugar Rush (Offensive Line #2),ce42e3de94226b2b,Â£24.42
Sequential Art,"Saga, Volume 2 (Saga (Collected Editions) #2)",9189fd009df41d0e,Â£11.75
Philosophy,"Run, Spot, Run: The Ethics of Keeping Pets",b0e479be03911916,Â£20.02
Young Adult,New Moon (Twilight #2),6fa3ea52c8e31e06,Â£12.86
Music,Life,637e5a45062aa548,Â£31.58
Nonfiction,Kindle Paperwhite User's Guide,fb495f9f9015a772,Â£34.00
Nonfiction,H is for Hawk,b6d3f4f4ee1f6069,Â£57.42
Young Adult,Girl Online On Tour (Girl Online #2),97b8f130d32e9f4e,Â£53.47
Sequential Art,"Fruits Basket, Vol. 2 (Fruits Basket #2)",c0db71f6bb14db11,Â£11.64
Childrens,Diary of a Minecraft Zombie Book 1: A Scare of a Dare (An Unofficial Minecraft Book),d7b463918d3b8c39,Â£52.88
Sequential Art,"Y: The Last Man, Vol. 1: Unmanned (Y: The Last Man #1)",09d26b5f819c6a36,Â£18.51
Historical Fiction,While You Were Mine,8ceb5c6aed2c5f8b,Â£41.32
Romance,Where Lightning Strikes (Bleeding Stars #3),def389ddfda6991b,Â£39.77
Fiction,When I'm Gone,c5f91eb481427dc5,Â£51.96
Art,Ways of Seeing,66a4e422b212726a,Â£39.51
Paranormal,"Vampire Knight, Vol. 1 (Vampire Knight #1)",e7e87087b1a44711,Â£15.40
Fantasy,Vampire Girl (Vampire Girl #1),dab5e75d1339706a,Â£53.82
Poetry,Twenty Love Poems and a Song of Despair,e63c3f25338baf9a,Â£30.95
Nonfiction,Travels with Charley: In Search of America,0268f149d014b389,Â£57.82
Science Fiction,Three Wishes (River of Time: California #1),460f97a346b44bac,Â£44.18
Romance,This One Moment (Pushing Limits #1),d6d98d3508c30f57,Â£48.71
Default,The Zombie Room,9c96cd1329fbd82d,Â£19.69
Sequential Art,"The Wicked + The Divine, Vol. 1: The Faust Act (The Wicked + The Divine)",dac9d1e654fac737,Â£36.52
Nonfiction,The Tumor,6514add13c82b115,Â£41.56
Classics,The Story of Hong Gildong,32d035df92ab9080,Â£43.19
Fiction,The Silent Wife,b78deb463531d078,Â£12.34
Fantasy,The Silent Twin (Detective Jennifer Knight #3),9e9932ae1a7d0943,Â£36.25
Science,The Selfish Gene,6f2c0a9adbb2bca9,Â£29.45
Historical Fiction,The Secret Healer,38f776ab9118aed7,Â£34.56
Sequential Art,"The Sandman, Vol. 1: Preludes and Nocturnes (The Sandman (volumes) #1)",5faefdc861684eb1,Â£54.12
Add a comment,The Republic,0ec9d2b018fb10d8,Â£33.78
Add a comment,The Odyssey,f0512adadffd2480,Â£29.64
Mystery,The No. 1 Ladies' Detective Agency (No. 1 Ladies' Detective Agency #1),b0913e67d38d5ed5,Â£57.70
Philosophy,The Nicomachean Ethics,5c10b64db3e4f228,Â£36.34
Default,The Name of the Wind (The Kingkiller Chronicle #1),c8614adb1a90b027,Â£50.59
Fantasy,The Mirror & the Maze (The Wrath and the Dawn #1.5),c40b70e0f6d80189,Â£29.38
Classics,The Little Prince,1aeca7d078d57deb,Â£45.42
Add a comment,The Light of the Fireflies,04e43893e32f9d29,Â£54.43
Science Fiction,The Last Girl (The Dominion Trilogy #1),16c71736dae78764,Â£36.26
Add a comment,The Iliad,86d8bd7afa5b51b3,Â£16.16
New Adult,The Hook Up (Game On #1),6e473eff459e809f,Â£36.29
Young Adult,The Haters,fff8a057a40c4a60,Â£27.89
Mystery,The Girl You Lost,4280ac3eab57aa5d,Â£12.29
Mystery,The Girl In The Ice (DCI Erika Foster #1),ee61197edb882599,Â£15.85
Nonfiction,The End of the Jesus Era (An Investigation #1),09659d1639a1f978,Â£14.40
Womens Fiction,The Edge of Reason (Bridget Jones #2),29fc016c459aeb14,Â£19.18
Sequential Art,The Complete Maus (Maus #1-2),3301af038a720587,Â£10.64
Add a comment,The Communist Manifesto,18b4545a5ed15581,Â£14.76
Religion,The Bhagavad Gita,f3a0b8c835129558,Â£57.49
Fiction,The Bette Davis Club,dfb0849016bc122c,Â£30.66
Young Adult,The Art of Not Breathing,5bc1fbccfbf2355c,Â£40.83
Default,Taking Shots (Assassins #1),a7eef9d6795422c1,Â£18.88
Historical Fiction,Starlark,e25164e5b3fe208b,Â£25.83
Sequential Art,"Skip Beat!, Vol. 01 (Skip Beat! #1)",2ac720f76384c57e,Â£42.12
Fantasy,Sister Sable (The Mad Queen #1),3a9a7c5895e82646,Â£13.33
Default,Shatter Me (Shatter Me #1),9ed7090d8fa690b0,Â£42.40
New Adult,Shameless,c068c013d6921fea,Â£58.35
Fantasy,Shadow Rites (Jane Yellowrock #10),229cd6564bf0dce4,Â£21.72
Sports and Games,Settling the Score (The Summer Games #1),132adf7335bb384a,Â£44.91
Classics,Sense and Sensibility,35e44170702139a4,Â£37.46
Sequential Art,"Saga, Volume 1 (Saga (Collected Editions) #1)",4f64568dfefa3ce7,Â£28.48
Romance,"Rhythm, Chord & Malykhin",9efb397067eb7e8a,Â£28.34
Sequential Art,"Rat Queens, Vol. 1: Sass & Sorcery (Rat Queens (Collected Editions) #1-5)",3cdca3b4a93980f5,Â£46.96
Default,Paradise Lost (Paradise #1),849db7ab7f4a640c,Â£24.96
Sequential Art,"Paper Girls, Vol. 1 (Paper Girls #1-5)",bcbcbcf0f6ed196f,Â£21.71
Sequential Art,"Ouran High School Host Club, Vol. 1 (Ouran High School Host Club #1)",326825e02a198cf6,Â£29.87
Fantasy,Origins (Alphas 0.5),8932e5c12f12ffed,Â£28.99
Fantasy,One Second (Seven #7),7ea31f38675b91c1,Â£52.94
Default,On the Road (Duluoz Legend),9ff997ab15713e53,Â£32.36
Music,Old Records Never Die: One Man's Quest for His Vinyl and His Past,a1985630339f4b3d,Â£55.66
New Adult,Off Sides (Off #1),b6f1cfadc4dd79d4,Â£39.45
Classics,Of Mice and Men,39592d9d72e717c4,Â£47.11
Fantasy,Myriad (Prentor #1),63e20a0f98218a87,Â£58.75
Romance,My Perfect Mistake (Over the Top #1),fd78f89878479f56,Â£38.92
Sequential Art,"Ms. Marvel, Vol. 1: No Normal (Ms. Marvel (2014-2015) #1)",35a60467893aa168,Â£39.39
Philosophy,Meditations,4f19709e47883df5,Â£25.89
Childrens,Matilda,1053fb7ee17a1f33,Â£28.34
Historical Fiction,Lost Among the Living,d510567580c8be52,Â£27.70
Add a comment,Lord of the Flies,71a6471bbdac21d9,Â£24.89
Romance,Listen to Me (Fusion #1),6e712ea24e77bd96,Â£58.99
Fiction,Kitchens of the Great Midwest,06f6a57a6d532844,Â£57.20
Default,Jane Eyre,8d390a1fc3133d06,Â£38.43
Romance,Imperfect Harmony,f28f7299d38c0932,Â£34.74
Sports and Games,Icing (Aces Hockey #2),3455b45888fb5053,Â£40.44
Sequential Art,"Hawkeye, Vol. 1: My Life as a Weapon (Hawkeye #1)",6fe02600f322a0a9,Â£45.24
Science Fiction,Having the Barbarian's Baby (Ice Planet Barbarians #7.5),6717a70913b3db79,Â£34.96
Sequential Art,"Giant Days, Vol. 1 (Giant Days #1-4)",eb0fe24bbc845ecc,Â£56.76
Sequential Art,"Fruits Basket, Vol. 1 (Fruits Basket #1)",72e6fbf4f6382557,Â£40.28
Default,Frankenstein,a492f49a3e2b6a71,Â£38.00
Music,Forever Rockers (The Rocker #12),e564c3f1a93ccf2e,Â£28.80
Romance,Fighting Fate (Fighting #6),6390772a3094939d,Â£39.24
Classics,Emma,2e69730561ed70ad,Â£32.93
Nonfiction,"Eat, Pray, Love",df56868afd166557,Â£51.32
Romance,Deep Under (Walker Security #1),0072b94dfa30608e,Â£47.09
Religion,Choosing Our Religion: The Spiritual Lives of America's Nones,a812f6969ddf3e39,Â£28.42
Childrens,Charlie and the Chocolate Factory (Charlie Bucket #1),1774749f2cee292f,Â£22.85
Romance,Charity's Cross (Charles Towne Belles #4),a96404cb928895f3,Â£41.24
Fiction,Bright Lines,230ac636ea0ea415,Â£39.07
Womens Fiction,Bridget Jones's Diary (Bridget Jones #1),a2b4b685dfa94733,Â£29.82
Romance,Bounty (Colorado Mountain #7),abc0b15f2c907ff0,Â£37.26
Mystery,Blood Defense (Samantha Brinkman #1),95cdfd514098c38b,Â£20.30
Sequential Art,"Bleach, Vol. 1: Strawberry and the Soul Reapers (Bleach #1)",099fae4a0705d63b,Â£34.65
Philosophy,Beyond Good and Evil,08672cd59171d5e4,Â£43.38
Classics,Alice in Wonderland (Alice's Adventures in Wonderland #1),cd2a2a70dd5d176d,Â£55.53
Sequential Art,"Ajin: Demi-Human, Volume 1 (Ajin: Demi-Human #1)",bfd5e1701c862ac3,Â£57.06
Historical Fiction,A Spy's Devotion (The Regency Spies of London #1),19fec36a1dfb4c16,Â£16.97
Mystery,1st to Die (Women's Murder Club #1),f684a82adc49f011,Â£53.98
Travel,"1,000 Places to See Before You Die",228ba5e7577e1d49,Â£26.08
