id,headline,summary
1,"Lionel Messi Biography: Check Biography, Family, Achievements, Current Team & Net Worth! - Jagran Josh","<a href=""https://news.google.com/rss/articles/CBMihwFBVV95cUxQdDd6U2Q5d2RENmhGTzhyaFhUdkdBbGpHanoxdUZnLTdBOE1TSHJMVDVBWkhqSHRqLW4yUHpUZGEzUUQ1bGFsX2RVSVpEM1QyOXpZOWxaSFFZdTJVVjRubHp1eWNTUE8ySTZCM2xVNW9GUHlhN25sSDRXWTNPMFNPektPWVVtMEk?oc=5"" target=""_blank"">Lionel Messi Biography: Check Biography, Family, Achievements, Current Team & Net Worth!</a>&nbsp;&nbsp;<font color=""#6f6f6f"">Jagran Josh</font>"
2,"H.G. Wells | Biography, Books, & Facts - Britannica","<a href=""https://news.google.com/rss/articles/CBMiWkFVX3lxTE8zRk81cjJkTVZSVlI3Zk1WUmY0Nk1IV29SX0NpSTE4LWt2Z0o5b2FfMUE1d0VfTmVNd0NFdnFCWTlDVzVKd0lKQUQxbEZBTUtqU21oaHlLQzNMUQ?oc=5"" target=""_blank"">H.G. Wells | Biography, Books, & Facts</a>&nbsp;&nbsp;<font color=""#6f6f6f"">Britannica</font>"
3,Biography of the First Overseas Citizen of India Iftekhar Sharif Zindagi in Two Shades - industryhit.com,"<a href=""https://news.google.com/rss/articles/CBMiswFBVV95cUxPeFB6WlQxSTFFTnRIX1hnSnlzYXprSFQ2LVc0Sk1qTDMtcVpEN21kMkJTZTF2dWU4dmFxWW82UV96WXhsUWx3eHVRdzJzeGlRTkNPM3Y0ZlBiX2JSclA1WlVpdlhvTk92TGw0elJlMkxaNVY2T2pWaXN2LUFGcVJrQXZxUXZaQ3NNS2R4SzA0QWN0Z3dWVDFOREZzS1RTcDlSVU5oVV9SZzBNMEdyNlllVC1YSQ?oc=5"" target=""_blank"">Biography of the First Overseas Citizen of India Iftekhar Sharif Zindagi in Two Shades</a>&nbsp;&nbsp;<font color=""#6f6f6f"">industryhit.com</font>"
4,'Unseen': Deepinder Goyal’s business biography dares to be honest - afaqs!,"<a href=""https://news.google.com/rss/articles/CBMipAFBVV95cUxNQXo5SVJncG9ab0VrYVVZaEp5YWszU2NlUVZWOTE5bS1RRzhVX0t0Q1M5SG1HNU5TRWhjbnVQV2FJYi03bWJGN2VXSzNSbkZkN1lyT0FfLVU5U0RtQ1ptLTkyYzJIWld0allFOHcyZzBxclhKWnlOMGRPMUNoNkFUanpUQlJNSGM4bWV5WTVIQ1dwZkV6TkZ1SDFSbGx1a1ZpMGRfUA?oc=5"" target=""_blank"">'Unseen': Deepinder Goyal’s business biography dares to be honest</a>&nbsp;&nbsp;<font color=""#6f6f6f"">afaqs!</font>"
5,Books in the Media: biography of Michael Lynch compels critics - The Bookseller,"<a href=""https://news.google.com/rss/articles/CBMinAFBVV95cUxQWFc2enRpUExlTl9xLWhCQUZfRFdWVEgxc2RpNWIyQ0ZZdHpMTm8xSm9SYV9ubC16REpzQWU2OFRIeDV0UEpwem1fTjZDUWZtRUZGMWk5aXY1MVZqd2tCamhfRjdodkZYSjUydnZhQ1NhTC04T25sTFBSLXVka2JpWlZGaE5zQ1hodTN1bnVueVZSYlhOeHlaQXF2ZkU?oc=5"" target=""_blank"">Books in the Media: biography of Michael Lynch compels critics</a>&nbsp;&nbsp;<font color=""#6f6f6f"">The Bookseller</font>"
6,"Who is Nitin Nabin: BJP's newly appointed national working president, seen by insiders as JP Nadda’s likel - The Economic Times","<a href=""https://news.google.com/rss/articles/CBMivAJBVV95cUxOaGx1dVc4U043STExaDVnUG5MS2FNWTl0Qlh2S0JxUXZINGJzZUt2ZWMwWlA0T3VxNUNkQV9oOTNta2FNRXdnYThvd1hyTkZ2ZV9tMDNzaXNjTEhDWGVQaXAtalV6STFpVndvSjRoZTlvY0JrcXRvUE5OUHdEaHR3Q2JsZ0hMUzdkRUZLYXdUaUFqNnRwR0RucGxCRXZSSjZhQmRpcERmNWhHRjVZcjU5WHhmekgzXy1aY21Pdkl1enZwNTBKaW9vUW1yN3ZPWGstMC11a2lvSTFKOVBIY2JlSHVtSzdNYTdYdlM2cGV3LWhqdnE2ZDJMY3NUXzIzUm9kNWpkWk54MDNzQ2h6YkNFXzI2SG9VSEhmV1phN09RVWd1UWtBZU5wX1NTME1GV3paUkVicmVsc0s2RWpy0gHCAkFVX3lxTFBvMUhvSWpQNnRja3UybXpCREIzYWJoRlg4SUhTSU9kWkR6R3RHWUQxb2J4ODF1aXYtRGtzdk4xTkhfekZmWUgzRTAzZHVZa21zY0xVVmtaYjJSSjhlVngwS2tFNzNIcXBnbW5EclNmTjhOd2RWaUt4em53SkVieGgxSW9lZjNRUnkyY2FWU3FDYk96c0VlRmxXYkNVOTFwREtWODVJYTVjckRfdkptb0hGejhUS1R3N01wckhWQnFNaUlCbnhfbmJoeFVDMVI4RXl1UlBaaW9weEp2b0czdjFUQWpzUllmYzZURHVUaGNzOXVkY3NvcmU5eF95elV1UTIzcXhFQ2FadVRjZjgxWXdlRlNEMjVuWWNvZkxOQ0hGWU5FTHhENmw2VUw5NTlja2pYV2lvd1p3M000bkpjdUFaalE?oc=5"" target=""_blank"">Who is Nitin Nabin: BJP's newly appointed national working president, seen by insiders as JP Nadda’s likel</a>&nbsp;&nbsp;<font color=""#6f6f6f"">The Economic Times</font>"
7,"Walt Disney | Biography, Movies, Company, Characters, Resorts, & Facts - Britannica","<a href=""https://news.google.com/rss/articles/CBMiXEFVX3lxTFBjc2o5WUt4aFB0NTFMbDFQS2w4eHJNa2FmRWdac3IyNGFBZXk2eHpMWjBTeU00QkdpMTg2c041MHo4NTV2LVhYU0hzbU1VN0pYNnlIMDV6Qy1uT0tC?oc=5"" target=""_blank"">Walt Disney | Biography, Movies, Company, Characters, Resorts, & Facts</a>&nbsp;&nbsp;<font color=""#6f6f6f"">Britannica</font>"
8,"Taylor Swift | Songs, Engaged, Albums, Travis Kelce, Life of a Showgirl, & Facts - Britannica","<a href=""https://news.google.com/rss/articles/CBMiXkFVX3lxTE9femZaalRhODBTZGdVT1NVdEh0ZUtfUjJUaUhZS01HdFlXQTJXSVJLUzNDZ185cmd4eTJzY1lRTHRfSUVKWkZwSjhNcFh6T2lla2pEYkFudWdVWXRTY2c?oc=5"" target=""_blank"">Taylor Swift | Songs, Engaged, Albums, Travis Kelce, Life of a Showgirl, & Facts</a>&nbsp;&nbsp;<font color=""#6f6f6f"">Britannica</font>"
9,"Xi Jinping | Biography, Education, Age, Wife, Peng Liyuan, & Facts - Britannica","<a href=""https://news.google.com/rss/articles/CBMiW0FVX3lxTE1ZcVJMbXpaU2JmbEc3NTBfZ0Y4Nmc2Yk56WXlybGE3SEN1YnlRVXhEZ1JjMk5sUWJJS01QMlFUdXppMGllbkJTOXNlczlKUzlwcHpNX3g2UUJJMjQ?oc=5"" target=""_blank"">Xi Jinping | Biography, Education, Age, Wife, Peng Liyuan, & Facts</a>&nbsp;&nbsp;<font color=""#6f6f6f"">Britannica</font>"
10,Hillary Clinton - Britannica,"<a href=""https://news.google.com/rss/articles/CBMiYkFVX3lxTFB4QVZfLXFld2JjUk1Za3RoNHYyOHNqRWpGSEZ3cjBCaXgxYklfZDJkdDh1ZzE0QjA1MHdlUGlKZmtXZ2g5MkZhSXdYWW9MOWxKOExwUTNrR0JnWHROdk1NZFlR?oc=5"" target=""_blank"">Hillary Clinton</a>&nbsp;&nbsp;<font color=""#6f6f6f"">Britannica</font>"
11,"F. Scott Fitzgerald | Biography, Books, Zelda, Education, The Great Gatsby, & Facts - Britannica","<a href=""https://news.google.com/rss/articles/CBMiZkFVX3lxTE1rNU55VmNkMldCSlNNQW1QUkZZeUx6Mk94MU1qb3JUT2thX1Jhd0dJVzllVjNaLXR3alA0cWRMaV9jaTdxNkJZNHZTRFNTWlc2RnA1QTFiSU5hWGN0ejB2VWRjaXdvUQ?oc=5"" target=""_blank"">F. Scott Fitzgerald | Biography, Books, Zelda, Education, The Great Gatsby, & Facts</a>&nbsp;&nbsp;<font color=""#6f6f6f"">Britannica</font>"
12,"Bell hooks | Biography, Books, & Facts - Britannica","<a href=""https://news.google.com/rss/articles/CBMiW0FVX3lxTE84RFplbjBRT2ZFNlN2cE1HUGRrTm1QaU8yMDhYYVhpNko5Y1BMTEVLQzZjbXRwa3lSMlRmLVNnUno5OXAzS1h1TUU3Z2J4QXN5QkFMZmQ1VDBUTVk?oc=5"" target=""_blank"">Bell hooks | Biography, Books, & Facts</a>&nbsp;&nbsp;<font color=""#6f6f6f"">Britannica</font>"
13,"Jesus | Facts, Teachings, Miracles, Death, & Doctrines - Britannica","<a href=""https://news.google.com/rss/articles/CBMiVEFVX3lxTE9vVGZYNm5oMGVPYzQzdzY2bEZCZVFRV0pXMk9kVHhIUDZIdWN2VVQ2Ykhoa1ZUdlNVMFBPa3FBZXNLRHpSU3ZGZkM2cmIydFRaT0Uyeg?oc=5"" target=""_blank"">Jesus | Facts, Teachings, Miracles, Death, & Doctrines</a>&nbsp;&nbsp;<font color=""#6f6f6f"">Britannica</font>"
14,"Emily Dickinson | Biography, Poems, Death, & Facts - Britannica","<a href=""https://news.google.com/rss/articles/CBMiYkFVX3lxTE00Um0zUjNxRHduNjZGeC11VUZfc2l3WFdHd0ExY3hrTHVGTzBfd1ZRSXZ2WUxydFVYZS1ENXhQcXpqbjF5aGpUNU1PUzVJanhQbWtxNEFsTU5qaHJsTndfcXpn?oc=5"" target=""_blank"">Emily Dickinson | Biography, Poems, Death, & Facts</a>&nbsp;&nbsp;<font color=""#6f6f6f"">Britannica</font>"
15,Narendra Modi - Britannica,"<a href=""https://news.google.com/rss/articles/CBMiX0FVX3lxTE1UTElWTGNCUHpwQ016MDdoT2ZyeXVLYTNYdDBYTE9jZTVfRm9maGx5YmV0ZFFtbHdtckFobHBqT1FKVW9GVDRuRXFmTGZKbXhyUzZ2WFhYRUVBVXNlYm4w?oc=5"" target=""_blank"">Narendra Modi</a>&nbsp;&nbsp;<font color=""#6f6f6f"">Britannica</font>"
16,"Dr. Seuss | Biography, Books, Characters, Movies, & Facts - Britannica","<a href=""https://news.google.com/rss/articles/CBMiWEFVX3lxTE85SG11N1NETk5RZWxmUlBRTnc2eDVNdER1c3BQZFhyU0lzcHRQeVJRdlJrUDVwZ1NmOHRTT0h4c0NMOXVsN3V6azF0dUtyWThXOHFvZnpGU08?oc=5"" target=""_blank"">Dr. Seuss | Biography, Books, Characters, Movies, & Facts</a>&nbsp;&nbsp;<font color=""#6f6f6f"">Britannica</font>"
17,"Elizabeth II | Biography, Family, Reign, & Facts - Britannica","<a href=""https://news.google.com/rss/articles/CBMiXkFVX3lxTFBFbDFZTDRjbk9fZGx3UHJULUxPTzM1QXI0cUhPTkxXWFpSRVAwWDBPQjl1SUgtV3ozMjh2eDk4VzE0dkY1cnVVSnd0UnBacHhKeWhEWExvTS1GWkVVVGc?oc=5"" target=""_blank"">Elizabeth II | Biography, Family, Reign, & Facts</a>&nbsp;&nbsp;<font color=""#6f6f6f"">Britannica</font>"
18,"Ernest Hemingway | Biography, Books, Death, & Facts - Britannica","<a href=""https://news.google.com/rss/articles/CBMiY0FVX3lxTFBvQlZtTjgwTl9NQXhVT3Z2S0lRc2ZIQlJPUzYzdEtwZ2tvTk1jUGN0b3lSVWtaYVRVM20zSXMxSFo0cnMxY25YUjJhQmNBbGJSeXRHWjVmSTQ3Y2l1YkxzVjdNdw?oc=5"" target=""_blank"">Ernest Hemingway | Biography, Books, Death, & Facts</a>&nbsp;&nbsp;<font color=""#6f6f6f"">Britannica</font>"
19,"Greta Thunberg | Gaza, Flotilla, Age, Education, Climate Change, & Activism - Britannica","<a href=""https://news.google.com/rss/articles/CBMiYEFVX3lxTFAwbVFqQ2JNdmdrNmNMeXFFU2E5VjFyM3ExQjdGc092S2ZvdTl0SlNUXzlyQ1FidkQ3VnptUVRJWkRsX2FvZkhFeDhZLVhoQWdXMEkwWV90a1NjOXgwWmxRSA?oc=5"" target=""_blank"">Greta Thunberg | Gaza, Flotilla, Age, Education, Climate Change, & Activism</a>&nbsp;&nbsp;<font color=""#6f6f6f"">Britannica</font>"
20,"Arthur Conan Doyle | Biography, Books, Sherlock Holmes, Death, Fairies, & Facts - Britannica","<a href=""https://news.google.com/rss/articles/CBMiZkFVX3lxTE5fblNQRDZVUzQwODJ6d24xTWlWTDEtamRwWVpWRWFEUnpDNGo2X3NrcmJzeDRWVzFUVWp4azdXRzNhVzU0ZG5BYU9PUlplZEJjU2FKekZBU0JRNHdqLVJKd1JMd3M2Zw?oc=5"" target=""_blank"">Arthur Conan Doyle | Biography, Books, Sherlock Holmes, Death, Fairies, & Facts</a>&nbsp;&nbsp;<font color=""#6f6f6f"">Britannica</font>"
21,"Viktor Orban | Biography, Ideology, & Facts - Britannica","<a href=""https://news.google.com/rss/articles/CBMiXkFVX3lxTE9BNkJQN1lCNklrdnREbk1oV2lHLVV6TnBweE52bnBSbW5pQ3pKV2ZzSk12Nzd2NlBrdVhESTIzVHVPY1Jsb2ZEWG1QNjZWWFF5MWFYLWR0aEo2UzhSa2c?oc=5"" target=""_blank"">Viktor Orban | Biography, Ideology, & Facts</a>&nbsp;&nbsp;<font color=""#6f6f6f"">Britannica</font>"
22,Margaret Atwood - Britannica,"<a href=""https://news.google.com/rss/articles/CBMiYkFVX3lxTE04QnNWdk9fMWlCTVlRQTJtQUVTeEZoSFdVSjZnYkFPTnRjYTNFelVXM0lvbmhPekJxWWJHMllMbkFpR21oQ1FTbHJxMXpSU2RIT0JEbUl2dHptclliaV9OdE93?oc=5"" target=""_blank"">Margaret Atwood</a>&nbsp;&nbsp;<font color=""#6f6f6f"">Britannica</font>"
23,"Elon Musk | SpaceX, Tesla, Twitter, X, Trump, DOGE, & Facts - Britannica","<a href=""https://news.google.com/rss/articles/CBMiVEFVX3lxTE5xeFllLWI4enZVQmExeDZsV2Ewa19ESXc4XzVlUmc3N29kQmhyRnZOa2dWUlV1SFd2bHBkS3FrX0ZTTW5PekRWaFUweEFOMkgwRDNnRQ?oc=5"" target=""_blank"">Elon Musk | SpaceX, Tesla, Twitter, X, Trump, DOGE, & Facts</a>&nbsp;&nbsp;<font color=""#6f6f6f"">Britannica</font>"
24,"Oprah Winfrey | Biography, Talk Show, Movies, & Facts - Britannica","<a href=""https://news.google.com/rss/articles/CBMiX0FVX3lxTE10aVpEMnJSLXBWSXhyVmdsczhQQ09hbUVad3dTdXJZMjV3RG5MV0g2WVNPQ0MxY19LajdxVHY3LVlXaEtkc01HUjhKR0xlaVZfNjhfc09WSVVWTUhBOXlN?oc=5"" target=""_blank"">Oprah Winfrey | Biography, Talk Show, Movies, & Facts</a>&nbsp;&nbsp;<font color=""#6f6f6f"">Britannica</font>"
25,"Pyotr Ilyich Tchaikovsky | Biography, Compositions, & Facts - Britannica","<a href=""https://news.google.com/rss/articles/CBMibkFVX3lxTE53VGc2Yi1rNG1TSVFNaUZLeDZHMGJtMkF1SzNnU1NLajdBeUx1M3AxNjZGZDJXckdtU1ExQmlVVTFqMm5YTUNzLUl2UG1NcDM5RFBWUGxKSG5mc2p6TUJ5UV9NZVBtYkdXcjY1bEl3?oc=5"" target=""_blank"">Pyotr Ilyich Tchaikovsky | Biography, Compositions, & Facts</a>&nbsp;&nbsp;<font color=""#6f6f6f"">Britannica</font>"
26,"Virginia Woolf | Biography, Books, Death, & Facts - Britannica","<a href=""https://news.google.com/rss/articles/CBMiYEFVX3lxTFBraTY1QUw0ZWUydDFSLVRUNjJQWDZ0bUYteVZxaUlXTGdfRlFXb3hCYjhxTE96amhtUGVONmZXTjMxT0xuS3h1VjRNZ0UyZDczTGhLdkVPRWZjVTFXTVR4Ug?oc=5"" target=""_blank"">Virginia Woolf | Biography, Books, Death, & Facts</a>&nbsp;&nbsp;<font color=""#6f6f6f"">Britannica</font>"
27,"Martin Luther King, Jr. | Biography, Speeches, Facts, & Assassination - Britannica","<a href=""https://news.google.com/rss/articles/CBMiakFVX3lxTFA3aHFsdFRhZG5obk5FNENSdk1NTWlNWkRfWWtVLTNGWHZqQnFBT0xZR0ZSVGhjTFowWFlxbWZLcDhid2cwSTVsRXlkNWNmUHVQUURmUVgyTUZ2WDhRUi15Vnh3ckpsMm1nY1E?oc=5"" target=""_blank"">Martin Luther King, Jr. | Biography, Speeches, Facts, & Assassination</a>&nbsp;&nbsp;<font color=""#6f6f6f"">Britannica</font>"
28,Hypatia - Britannica,"<a href=""https://news.google.com/rss/articles/CBMiV0FVX3lxTE1oWks0ZS1TSldCcEhsd2RqaFRrUEVyZl9lRkliNDRkRVcyQlN1NFR3bGdfTF9yNHM3ajdlS0g2N2ZydVFPSWk5R2tVdmhmc294eTFtbG9VNA?oc=5"" target=""_blank"">Hypatia</a>&nbsp;&nbsp;<font color=""#6f6f6f"">Britannica</font>"
29,"Lisa LaFlamme: Husband, Net Worth, Age, Salary, Career, Biography & More - vocal.media","<a href=""https://news.google.com/rss/articles/CBMiqwFBVV95cUxQUW4tSkdQYXd1cXVGeHdZNFpkSlRvNjNzTUR3My1OeWtIOUh1ckIxdERmelV3a2dvMnVJbXNoeW1ubXZDQlJ5bEFLN3V2YmNlN2puSXN5N3U1NE02emxqTTZ1RTBPU1RpSmdIYk9VRXdfNWF0VWc0X2RoLVVYQWJNbndpcjdTTGJ1R2xKaGl2R042cGZ5YVp0Ylc3X1Q5aDJIWkRqQ2tiWHNmQVU?oc=5"" target=""_blank"">Lisa LaFlamme: Husband, Net Worth, Age, Salary, Career, Biography & More</a>&nbsp;&nbsp;<font color=""#6f6f6f"">vocal.media</font>"
30,"Elizabeth I | Biography, Facts, Mother, & Death - Britannica","<a href=""https://news.google.com/rss/articles/CBMiXEFVX3lxTE5qemc1OHN6bGhURGI4c2hRb0lNSlc4QWhjSEtWVFE0M3kxOW5hV1FlTkt1SVJtYVQ4aGdObkwxekhXU3FwcUVJQWtidXlrWGFvZUNVSHMwcy1pMXo2?oc=5"" target=""_blank"">Elizabeth I | Biography, Facts, Mother, & Death</a>&nbsp;&nbsp;<font color=""#6f6f6f"">Britannica</font>"
31,"Alexander Graham Bell | Biography, Education, Family, Telephone, Inventions, & Facts - Britannica","<a href=""https://news.google.com/rss/articles/CBMiakFVX3lxTE1YZVo0d1VYOGxHMnRfdW9nX2tBZGFNOTZOUFpLMzJjS3pqOHdRZmkzZnoyNURiTTdPVkd0cEc1TkxXWVo1TUtwRXYxYnpWcFM1XzE3QWo3Ti11WlV3SUdKck13OE9TRDBSWUE?oc=5"" target=""_blank"">Alexander Graham Bell | Biography, Education, Family, Telephone, Inventions, & Facts</a>&nbsp;&nbsp;<font color=""#6f6f6f"">Britannica</font>"
32,"Edward Snowden | Education, Biography, Russia, & Facts - Britannica","<a href=""https://news.google.com/rss/articles/CBMiYEFVX3lxTE5TWHJkMHJyUDBYbmZFOEFpRGFoaWt2U0MxWnUzU09hWmFhNEgyNk5jeGRfZHBOUGhzcm9qTE9HMUw4QmZGdVlWZERKckdoS2FrakF5cTV4Ym1HaUdyMUtfXw?oc=5"" target=""_blank"">Edward Snowden | Education, Biography, Russia, & Facts</a>&nbsp;&nbsp;<font color=""#6f6f6f"">Britannica</font>"
33,"Arundhati Roy | Biography, Books, Awards, Pandemic Is a Portal, & Facts - Britannica","<a href=""https://news.google.com/rss/articles/CBMiX0FVX3lxTFBlcWtGdUhkcWhMRktDcU1XQjVIdDVYSWpZb01tSXpNTU9CanRjUGhPMVRsQ2NHV0FGdEN5ODZySkV6NXFMbjN0VUpiNTVSaHJDLVA2ektmZ1h2a3NlQ0Mw?oc=5"" target=""_blank"">Arundhati Roy | Biography, Books, Awards, Pandemic Is a Portal, & Facts</a>&nbsp;&nbsp;<font color=""#6f6f6f"">Britannica</font>"
34,"Toni Morrison | Biography, Books, Beloved, The Bluest Eye, & Facts - Britannica","<a href=""https://news.google.com/rss/articles/CBMiX0FVX3lxTE4zNTd0SHhPS3g2bzNOeWxmS0ZZQW1uaFdsb0NGZXFIUkFWcUZZX0lnNEFnXzh1Z2dCVlBFcUluTHdMdEJ3S3FYeFUtQjBEWWtFQU1SVlYybDhicHhoa3VR?oc=5"" target=""_blank"">Toni Morrison | Biography, Books, Beloved, The Bluest Eye, & Facts</a>&nbsp;&nbsp;<font color=""#6f6f6f"">Britannica</font>"
35,WHO Director-General - Biography - World Health Organization (WHO),"<a href=""https://news.google.com/rss/articles/CBMicEFVX3lxTFBHcUE4TjBQb082emxtd1AxQXVXeC1JT3ZEbWZOR0F4OG9UNzBxdG9LRjQxYUduaXZ3WjlBVG05bHZ1ZUFKU2VTR09tNEY3TFVKcGJiOG5RS2xpeFpnR0pORDBiNmIxdHNORXUxX3NHSmE?oc=5"" target=""_blank"">WHO Director-General - Biography</a>&nbsp;&nbsp;<font color=""#6f6f6f"">World Health Organization (WHO)</font>"
36,"If Google wins AI race, Nvidia is 'in trouble,' says author of Jensen Huang biography - Yahoo Finance","<a href=""https://news.google.com/rss/articles/CBMixgFBVV95cUxQNmh1ZjVyTEdWYXNuS2YzTHh4UTZkamV3VnIwNktaeXF4ZW1PUmJrbjRTanhhbmhNbXV6ZnIwWHFhTFhUYlQ1cXdWV0tldnFLN3lNd2VJWlZhaXRHbUQ5QjlDbjRKZXlaYXhCYS1fMTI2QVFuSVA3VnN3VktXVzczeFhkYmRZd29jSDBVY3JvQ0tVSlFsY0xhbzV6NkkxZU44dVBJMzB5TGo4MmN5UGxtUzltX3EwRXhRa0hxN1RZRFJfWXY0ZkE?oc=5"" target=""_blank"">If Google wins AI race, Nvidia is 'in trouble,' says author of Jensen Huang biography</a>&nbsp;&nbsp;<font color=""#6f6f6f"">Yahoo Finance</font>"
37,"William Shakespeare | Plays, Poems, Biography, Quotes, & Facts - Britannica","<a href=""https://news.google.com/rss/articles/CBMiZ0FVX3lxTE1BUDZIYUZPbTJXdUotLTRQblFOUmxoYWNtMldGc0VwTUc2SnhCZTF3VklfVWxFVGtuaEQ1TmlYY1VKTWZkcnJ0bFRmYVA2bFZfa3BSYzQ4cFNWcFRKTFVXVlBUdGdPTzQ?oc=5"" target=""_blank"">William Shakespeare | Plays, Poems, Biography, Quotes, & Facts</a>&nbsp;&nbsp;<font color=""#6f6f6f"">Britannica</font>"
38,James Baldwin - Britannica,"<a href=""https://news.google.com/rss/articles/CBMiX0FVX3lxTFBCUGtnc3F5enROT3Vrc1I5QkRCRG5BR19Xby1lbzhuTHQ5WHhrSlh1X0pHa3ltcUY5cElwRHJCS3FONURGblNMU0thTUNnNUp2WER5cGtseEdnM1pZZXRV?oc=5"" target=""_blank"">James Baldwin</a>&nbsp;&nbsp;<font color=""#6f6f6f"">Britannica</font>"
39,Galileo - Britannica,"<a href=""https://news.google.com/rss/articles/CBMiYkFVX3lxTFAwd2RkMV9WZUlSY2c3U2x6OEY4RG1KT1R5SDJTR3dPTVpmOFU0TFE2MlI3UEtmYlo5R0NRcTdfcHp6UG8wWnh0SEJZUnlSOEpjeTZuNTZqbmtZMkRMWE55S2Jn?oc=5"" target=""_blank"">Galileo</a>&nbsp;&nbsp;<font color=""#6f6f6f"">Britannica</font>"
40,Eileen Higgins Biography: Miami Elects First Woman and Democrat Mayor After 28 Years! - Jagran Josh,"<a href=""https://news.google.com/rss/articles/CBMioAFBVV95cUxNWWZVMERUaVQ2WE91NHFYaEUzOEFETHN2aFpNRTV0di0xQk9zVFg1TnV6TUNJYUdiNE4zN1pzcnlvOFdHVmplcTQ5YmVRTFlCUGRPaWZxdVEwcTZVemE5UVUtMEZrR3liZnotVWJzUW1teDNSZmQ0Z0xQS1ktT3I2MTRaXzJITUJGVW16RVNNT0pNOURmZjFKVlNQVkZFcEIw?oc=5"" target=""_blank"">Eileen Higgins Biography: Miami Elects First Woman and Democrat Mayor After 28 Years!</a>&nbsp;&nbsp;<font color=""#6f6f6f"">Jagran Josh</font>"
41,"Grace Hopper | Biography, Accomplishments, & Facts - Britannica","<a href=""https://news.google.com/rss/articles/CBMiXkFVX3lxTE1pZEJhdUhneER2Vi13ck1qT1l3UWNxUjJ5SXdWc2ZDaUk1bkR3MU1iMFBjV2szUmVmTmlsV0I5QzlEakt3MlNfUlJNODBJenVycEE3ZDBVczJwMTduTEE?oc=5"" target=""_blank"">Grace Hopper | Biography, Accomplishments, & Facts</a>&nbsp;&nbsp;<font color=""#6f6f6f"">Britannica</font>"
42,"Katherine Johnson | Biography, Education, Accomplishments, & Facts - Britannica","<a href=""https://news.google.com/rss/articles/CBMid0FVX3lxTE03YkM1S2NIUmJYYVNHLVVwWGVHX0Jmd1QxSVBWNHNKQ2Z1TUU1aHc3ZzVVUlBXZ1VJRWtjUFpieGZZUHlHRWd4TzNJWWI0NHhRUE5MRzNoVjNnRUlub1BRdWV1bVQyeDlDemlXYXVYbWZJV3NfWWdN?oc=5"" target=""_blank"">Katherine Johnson | Biography, Education, Accomplishments, & Facts</a>&nbsp;&nbsp;<font color=""#6f6f6f"">Britannica</font>"
43,"Claude Monet | Biography, Art, Water Lilies, Haystacks, Impression, Sunrise, & Facts - Britannica","<a href=""https://news.google.com/rss/articles/CBMiXkFVX3lxTE84WC1qZkpHcmFDekpnek9vWTNIWkRPclB4dFBJWkFvbjViNXhsSDdRME5HeDZrM0hOVlhNTE9RZVUzZlF4UExtcmVySG03anFvVlJiRXRMdlJsQ0gtNUE?oc=5"" target=""_blank"">Claude Monet | Biography, Art, Water Lilies, Haystacks, Impression, Sunrise, & Facts</a>&nbsp;&nbsp;<font color=""#6f6f6f"">Britannica</font>"
44,Are We Entering a New Golden Age of Biography? - Literary Hub,"<a href=""https://news.google.com/rss/articles/CBMic0FVX3lxTE84UzlkdVA1cEwtSGhDQVpwU2h5RE9QV2F4QXNLZGRJdEZlcmktZzRGOG9wck45bDFCNHAwRXJGU013b0lLTk5OeG9hNU9VbkQ3SFFPUGdRSG55aUl1NHVKSTF5S0pfMHBzNmg0U0ljM2JpT1E?oc=5"" target=""_blank"">Are We Entering a New Golden Age of Biography?</a>&nbsp;&nbsp;<font color=""#6f6f6f"">Literary Hub</font>"
45,Amit Shah & CM Bhupendra Patel Release Biography of Anandiben Patel | Latest News - CMO Gujarat,"<a href=""https://news.google.com/rss/articles/CBMinAFBVV95cUxPbVhpTEtEZ3JaVm42WERwLWFHVmxhemZ0VFFBX0s3b2c5R1RqTjdmQnBPaHZPRjg3bXpMT1VheUd5QWZfcWNSSUI5NXpzeENsRlBlVzJSMjcwVUhpTGdZazR6N3ZnLWREUTFhQmtqaUVpelVRTkNONWR1REsyZG5IdXU5LUhBS1VrTUtJcGZrSHdMTDAwME9WSlU2UVY?oc=5"" target=""_blank"">Amit Shah & CM Bhupendra Patel Release Biography of Anandiben Patel | Latest News</a>&nbsp;&nbsp;<font color=""#6f6f6f"">CMO Gujarat</font>"
46,The best memoirs and biographies of 2025 - The Guardian,"<a href=""https://news.google.com/rss/articles/CBMi0AFBVV95cUxOOExoQUdaWllRSUhVWG5wdXNiMGx5aVVRdUN1czFlcTR3YWctSGFwd2ZncUp3bDZ6a0x1NnB4aWVjS0NVTmcxeUhzangxS0NPQVNXZG0yNl84d0N6VmhwV3FwMjVSbThOZl92a25iNXlQd0REQ05iRmE1bldRazdlOEh4dUdJaDdBM1k0TDVqbHVrQjlfY0dVWFdFb0JXRWp4OVpGd0ZjbUVPRHhlVDhkb3pxTGV6WUNVRWxxYVBxRU44YnVLNGh6UEJUd2pDUFN1?oc=5"" target=""_blank"">The best memoirs and biographies of 2025</a>&nbsp;&nbsp;<font color=""#6f6f6f"">The Guardian</font>"
47,"Wolfgang Amadeus Mozart | Biography, Music, The Magic Flute, & Facts - Britannica","<a href=""https://news.google.com/rss/articles/CBMibEFVX3lxTE5UNjlCd1RuZWtSX3hLaE00UEpOckVfMm41Ny1iamdfUEt3aC1sM1pzV3gwWDJ1NXlkUVZpS2ZlUWdWckxOOGhwRU05UjhWblg1MjQ5ekxiZEY4TXk2QWZnejVjU1V6U0xzUExLSQ?oc=5"" target=""_blank"">Wolfgang Amadeus Mozart | Biography, Music, The Magic Flute, & Facts</a>&nbsp;&nbsp;<font color=""#6f6f6f"">Britannica</font>"
48,"Christopher Columbus | Biography, Nationality, Voyages, Ships, Route, & Facts - Britannica","<a href=""https://news.google.com/rss/articles/CBMiaEFVX3lxTE5iQjFXMTZYS3dPbTJYUnB6bzVscHFpbEVYdXptM1BRRW8tckpOR1lmbjVueFdoOWFnRkFqMGV3bm4zNGFPbFFqN1lRMlkyOG1YX0JmSGZNR0RMOVdUVC11dklnSmVTYTJO?oc=5"" target=""_blank"">Christopher Columbus | Biography, Nationality, Voyages, Ships, Route, & Facts</a>&nbsp;&nbsp;<font color=""#6f6f6f"">Britannica</font>"
49,"George Stroumboulopoulos: Wife, Net Worth, Children, Biography, Career & More - vocal.media","<a href=""https://news.google.com/rss/articles/CBMisAFBVV95cUxOR25zQ0ZWNUJFdlJqajZIMld6ZmdhNkRaVkthRERULWlVQ3dpVTVjcWlDNG1NVWFrWkQ2RlBhS2Ezall1dzN3Z1hMN3I3Y3FmWHc1SlBwU3ZDTGhnN05od2d0djk2RFpwMTJ1V2V6eGZLcm5CSTF6QWoxR3VrWlc3dkVnYkFsSlEyak9FZy1ZRVpxMUdZQVdWVXFXWmdDM0h3RzA2NnlqbGpQZW1ya1BEdA?oc=5"" target=""_blank"">George Stroumboulopoulos: Wife, Net Worth, Children, Biography, Career & More</a>&nbsp;&nbsp;<font color=""#6f6f6f"">vocal.media</font>"
50,"Alan Turing | Biography, Facts, Computer, Machine, Education, & Death - Britannica","<a href=""https://news.google.com/rss/articles/CBMiXEFVX3lxTE4yQ3lFOWtyMWM1bEJRZGZObWRKTFl0WjNjXzNDbkZDaGU2QW9RQTNyWGRBdF9CeGU1ejZKRVB0THB4SkpBMW5fLV9BaWRWNXA2QkptNk1XaTEwbkRn?oc=5"" target=""_blank"">Alan Turing | Biography, Facts, Computer, Machine, Education, & Death</a>&nbsp;&nbsp;<font color=""#6f6f6f"">Britannica</font>"
